Date,Open,High,Low,Close,Adj. Close,Volume
"Oct 24, 2025","3,080.00","3,090.00","3,058.30","3,063.20","3,063.20","2,683,345"
"Oct 23, 2025","3,055.00","3,098.00","3,036.10","3,073.20","3,073.20","5,564,758"
"Oct 21, 2025","3,031.10","3,031.80","2,996.00","3,006.70","3,006.70","310,644"
"Oct 20, 2025","2,985.50","3,023.00","2,978.50","3,015.20","3,015.20","3,133,039"
"Oct 17, 2025","2,970.00","2,988.80","2,955.40","2,962.20","2,962.20","4,374,683"
"Oct 16, 2025","2,969.90","2,975.00","2,943.10","2,970.70","2,970.70","3,251,495"
"Oct 15, 2025","2,971.00","2,979.70","2,951.00","2,969.80","2,969.80","4,282,226"
"Oct 14, 2025","3,021.00","3,027.20","2,955.50","2,960.30","2,949.30","3,611,416"
"Oct 13, 2025","3,027.00","3,035.50","2,998.20","3,007.20","2,996.03","2,866,865"
"Oct 10, 2025","3,050.00","3,070.00","3,006.90","3,028.30","3,017.05","8,817,365"
"Oct 9, 2025","3,034.00","3,066.00","3,020.00","3,061.70","3,050.32","3,211,304"
"Oct 8, 2025","2,975.00","3,043.00","2,968.00","3,027.20","3,015.95","4,121,889"
"Oct 7, 2025","2,995.00","3,004.50","2,955.50","2,973.70","2,962.65","3,062,943"
"Oct 6, 2025","2,902.00","2,993.60","2,895.60","2,988.40","2,977.30","2,112,774"
"Oct 3, 2025","2,924.00","2,924.00","2,891.10","2,901.90","2,891.12","2,899,519"
"Oct 1, 2025","2,891.00","2,924.80","2,866.60","2,914.20","2,903.37","1,952,902"
"Sep 30, 2025","2,911.00","2,915.30","2,885.10","2,888.40","2,877.67","2,253,458"
"Sep 29, 2025","2,916.00","2,929.30","2,894.00","2,896.10","2,885.34","3,110,035"
"Sep 26, 2025","2,941.00","2,954.80","2,891.30","2,899.10","2,888.33","3,934,636"
"Sep 25, 2025","3,022.00","3,029.60","2,951.00","2,957.40","2,946.41","4,974,361"
"Sep 24, 2025","3,050.00","3,057.00","3,033.00","3,035.40","3,024.12","1,625,714"
"Sep 23, 2025","3,070.00","3,080.70","3,052.00","3,062.40","3,051.02","3,177,741"
"Sep 22, 2025","3,095.00","3,106.90","3,065.00","3,073.80","3,062.38","3,634,901"
"Sep 19, 2025","3,170.00","3,180.50","3,144.00","3,169.20","3,157.42","4,901,694"
"Sep 18, 2025","3,185.00","3,203.00","3,161.40","3,176.70","3,164.90","2,633,138"
"Sep 17, 2025","3,152.00","3,182.40","3,142.40","3,172.80","3,161.01","2,418,271"
"Sep 16, 2025","3,128.00","3,150.00","3,109.10","3,145.70","3,134.01","2,573,429"
"Sep 15, 2025","3,134.00","3,134.00","3,096.00","3,111.90","3,100.34","1,732,539"
"Sep 12, 2025","3,144.00","3,148.70","3,121.00","3,133.40","3,121.76","1,447,167"
"Sep 11, 2025","3,139.00","3,139.00","3,110.10","3,124.20","3,112.59","2,263,446"
"Sep 10, 2025","3,056.40","3,122.70","3,053.40","3,110.00","3,098.44","2,079,428"
"Sep 9, 2025","3,032.10","3,060.00","3,030.80","3,049.40","3,038.07","2,489,301"
"Sep 8, 2025","3,050.00","3,064.90","3,016.00","3,019.00","3,007.78","2,626,187"
"Sep 5, 2025","3,097.10","3,103.40","3,028.60","3,048.30","3,036.97","2,802,055"
"Sep 4, 2025","3,116.00","3,118.00","3,090.80","3,095.70","3,084.20","1,481,391"
"Sep 3, 2025","3,129.90","3,141.90","3,088.00","3,097.50","3,085.99","1,799,774"
"Sep 2, 2025","3,121.10","3,155.00","3,103.10","3,111.50","3,099.94","2,185,229"
"Sep 1, 2025","3,090.00","3,131.10","3,090.00","3,112.60","3,101.03","1,246,862"
"Aug 29, 2025","3,093.00","3,115.00","3,077.20","3,084.70","3,073.24","2,271,789"
"Aug 28, 2025","3,145.00","3,146.50","3,086.50","3,093.70","3,082.20","3,116,051"
"Aug 26, 2025","3,129.00","3,162.00","3,120.00","3,157.20","3,145.47","5,522,097"
"Aug 25, 2025","3,087.30","3,152.00","3,077.10","3,140.60","3,128.93","3,448,370"
"Aug 22, 2025","3,086.00","3,095.70","3,050.00","3,054.00","3,042.65","1,593,791"
"Aug 21, 2025","3,130.00","3,130.00","3,083.10","3,102.60","3,091.07","3,230,726"
"Aug 20, 2025","3,010.90","3,103.40","3,010.90","3,098.60","3,087.09","4,952,358"
"Aug 19, 2025","3,011.20","3,025.00","3,011.10","3,016.20","3,004.99","2,650,784"
"Aug 18, 2025","3,046.50","3,049.00","3,003.40","3,011.20","3,000.01","2,945,609"
"Aug 14, 2025","3,034.00","3,055.90","3,019.10","3,022.30","3,011.07","3,342,174"
"Aug 13, 2025","3,036.10","3,044.40","3,028.60","3,036.20","3,024.92","2,148,166"
"Aug 12, 2025","3,041.00","3,096.40","3,026.90","3,035.40","3,024.12","3,358,232"
"Aug 11, 2025","3,036.40","3,049.90","3,021.30","3,040.80","3,029.50","1,884,215"
"Aug 8, 2025","3,048.10","3,059.80","3,025.00","3,036.40","3,025.12","2,762,140"
"Aug 7, 2025","3,016.00","3,051.60","3,010.90","3,047.00","3,035.68","2,543,076"
"Aug 6, 2025","3,063.00","3,066.80","3,026.00","3,032.30","3,021.03","1,487,081"
"Aug 5, 2025","3,074.40","3,077.50","3,042.00","3,063.90","3,052.52","1,927,996"
"Aug 4, 2025","3,009.10","3,079.40","2,991.60","3,074.40","3,062.98","2,519,252"
"Aug 1, 2025","3,029.90","3,036.80","3,000.00","3,003.00","2,991.84","2,053,847"
"Jul 31, 2025","3,041.70","3,059.80","3,015.00","3,036.80","3,025.52","2,968,371"
"Jul 30, 2025","3,060.00","3,069.00","3,047.20","3,053.60","3,042.25","2,880,121"
"Jul 29, 2025","3,060.00","3,074.00","3,041.20","3,056.00","3,044.64","4,785,312"
"Jul 28, 2025","3,110.00","3,118.00","3,069.90","3,079.30","3,067.86","3,374,473"
"Jul 25, 2025","3,140.00","3,156.90","3,125.60","3,135.80","3,124.15","2,568,917"
"Jul 24, 2025","3,165.10","3,173.70","3,140.00","3,148.00","3,136.30","2,934,778"
"Jul 23, 2025","3,159.60","3,182.00","3,157.60","3,179.10","3,167.29","1,922,875"
"Jul 22, 2025","3,159.60","3,180.10","3,154.60","3,159.60","3,147.86","3,198,036"
"Jul 21, 2025","3,190.00","3,197.60","3,152.00","3,158.20","3,146.46","3,844,346"
"Jul 18, 2025","3,225.00","3,228.80","3,187.00","3,189.90","3,178.05","3,432,645"
"Jul 17, 2025","3,224.10","3,242.00","3,204.10","3,209.20","3,197.28","2,947,640"
"Jul 16, 2025","3,227.00","3,244.90","3,220.60","3,233.10","3,221.09","2,540,733"
"Jul 15, 2025","3,206.00","3,259.40","3,206.00","3,252.30","3,229.26","2,590,889"
"Jul 14, 2025","3,266.00","3,272.00","3,200.00","3,222.70","3,199.87","3,924,009"
"Jul 11, 2025","3,299.90","3,335.00","3,261.10","3,266.00","3,242.86","7,635,550"
"Jul 10, 2025","3,380.00","3,399.00","3,356.00","3,382.00","3,358.04","3,035,012"
"Jul 9, 2025","3,410.00","3,414.00","3,367.00","3,383.80","3,359.82","2,034,938"
"Jul 8, 2025","3,405.00","3,425.00","3,393.40","3,406.20","3,382.07","2,325,242"
"Jul 7, 2025","3,418.30","3,426.10","3,408.40","3,411.70","3,387.53","1,639,174"
"Jul 4, 2025","3,408.00","3,427.00","3,390.10","3,419.80","3,395.57","1,109,320"
"Jul 3, 2025","3,430.00","3,435.30","3,397.60","3,400.80","3,376.70","2,531,870"
"Jul 2, 2025","3,487.20","3,489.90","3,420.00","3,423.30","3,399.04","3,090,585"
"Jul 1, 2025","3,455.00","3,485.00","3,413.50","3,429.70","3,405.40","2,375,183"
"Jun 30, 2025","3,439.90","3,464.90","3,430.00","3,462.00","3,437.47","1,468,351"
"Jun 27, 2025","3,455.00","3,466.40","3,431.00","3,441.10","3,416.72","1,778,433"
"Jun 26, 2025","3,444.80","3,451.40","3,415.30","3,441.80","3,417.41","2,879,106"
"Jun 25, 2025","3,407.30","3,450.00","3,400.00","3,444.80","3,420.39","1,757,699"
"Jun 24, 2025","3,434.60","3,442.10","3,382.00","3,390.40","3,366.38","3,403,048"
"Jun 23, 2025","3,415.00","3,425.00","3,370.00","3,393.60","3,369.55","3,123,421"
"Jun 20, 2025","3,425.00","3,446.30","3,410.90","3,435.70","3,411.36","2,351,248"
"Jun 19, 2025","3,450.00","3,451.00","3,413.00","3,424.00","3,399.74","2,672,768"
"Jun 18, 2025","3,519.10","3,538.00","3,443.10","3,451.40","3,426.95","2,696,327"
"Jun 17, 2025","3,510.00","3,520.00","3,488.10","3,515.30","3,490.39","2,111,940"
"Jun 16, 2025","3,440.00","3,509.00","3,426.20","3,496.30","3,471.53","1,934,088"
"Jun 13, 2025","3,393.20","3,450.50","3,393.20","3,445.70","3,421.29","2,178,493"
"Jun 12, 2025","3,471.90","3,474.70","3,423.20","3,434.20","3,409.87","4,060,134"
"Jun 11, 2025","3,470.00","3,489.00","3,449.10","3,471.90","3,447.30","2,847,013"
"Jun 10, 2025","3,440.00","3,485.80","3,423.20","3,462.90","3,438.36","2,419,874"
"Jun 9, 2025","3,400.00","3,434.00","3,390.90","3,421.90","3,397.65","1,718,678"
"Jun 6, 2025","3,371.10","3,390.90","3,358.70","3,384.20","3,360.22","2,070,390"
"Jun 5, 2025","3,409.00","3,409.00","3,363.70","3,371.10","3,347.21","3,584,683"
"Jun 4, 2025","3,389.00","3,394.80","3,370.00","3,380.90","3,356.94","2,544,807"
"Jun 3, 2025","3,446.00","3,473.50","3,400.50","3,405.20","3,351.29","2,848,125"
"Jun 2, 2025","3,450.00","3,460.00","3,418.60","3,449.80","3,395.18","1,877,585"
"May 30, 2025","3,490.00","3,506.70","3,453.10","3,463.40","3,408.56","3,404,365"
"May 29, 2025","3,504.70","3,532.50","3,486.50","3,498.10","3,442.71","3,188,072"
"May 28, 2025","3,520.00","3,529.00","3,493.00","3,497.70","3,442.32","1,222,933"
"May 27, 2025","3,532.00","3,540.00","3,483.10","3,498.70","3,443.30","2,467,680"
"May 26, 2025","3,521.00","3,545.00","3,510.10","3,537.30","3,481.29","967,470"
"May 23, 2025","3,477.00","3,535.00","3,465.60","3,514.60","3,458.95","1,274,331"
"May 22, 2025","3,495.00","3,497.80","3,451.30","3,477.00","3,421.95","2,034,383"
"May 21, 2025","3,508.00","3,537.00","3,498.30","3,525.80","3,469.98","1,440,153"
"May 20, 2025","3,531.80","3,558.00","3,494.00","3,498.30","3,442.91","2,038,374"
"May 19, 2025","3,550.00","3,550.00","3,503.70","3,518.80","3,463.09","2,537,377"
"May 16, 2025","3,593.90","3,593.90","3,546.10","3,561.30","3,504.91","1,666,727"
"May 15, 2025","3,564.00","3,600.00","3,514.10","3,579.90","3,523.22","3,548,330"
"May 14, 2025","3,521.00","3,561.00","3,508.60","3,548.70","3,492.51","2,119,499"
"May 13, 2025","3,620.40","3,623.00","3,510.50","3,515.00","3,459.35","3,062,887"
"May 12, 2025","3,505.00","3,630.50","3,502.20","3,620.40","3,563.08","2,228,678"
"May 9, 2025","3,399.00","3,446.20","3,398.10","3,440.30","3,385.83","2,531,757"
"May 8, 2025","3,448.00","3,477.00","3,428.70","3,448.90","3,394.29","2,543,591"
"May 7, 2025","3,420.60","3,459.50","3,420.60","3,445.10","3,390.55","1,477,128"
"May 6, 2025","3,460.00","3,473.00","3,437.00","3,460.00","3,405.22","1,324,763"
"May 5, 2025","3,450.00","3,504.50","3,446.40","3,454.30","3,399.61","1,284,443"
"May 2, 2025","3,472.00","3,491.50","3,420.00","3,431.00","3,376.68","1,721,761"
"Apr 30, 2025","3,472.00","3,509.90","3,366.00","3,453.70","3,399.02","2,809,332"
"Apr 29, 2025","3,455.00","3,495.00","3,430.40","3,472.50","3,417.52","1,578,332"
"Apr 28, 2025","3,435.00","3,457.80","3,405.00","3,443.50","3,388.98","1,593,296"
"Apr 25, 2025","3,420.00","3,477.80","3,405.00","3,448.00","3,393.41","2,742,991"
"Apr 24, 2025","3,401.10","3,412.50","3,387.70","3,401.60","3,347.74","2,252,175"
"Apr 23, 2025","3,365.00","3,420.90","3,337.30","3,413.00","3,358.96","3,543,923"
"Apr 22, 2025","3,322.60","3,333.90","3,295.00","3,314.40","3,261.92","2,710,498"
"Apr 21, 2025","3,290.10","3,354.00","3,284.10","3,321.60","3,269.01","2,432,946"
"Apr 17, 2025","3,245.50","3,303.60","3,218.00","3,298.90","3,246.67","2,932,346"
"Apr 16, 2025","3,248.20","3,278.10","3,229.00","3,273.80","3,221.97","2,384,391"
"Apr 15, 2025","3,314.40","3,314.40","3,238.60","3,248.20","3,196.77","3,512,160"
"Apr 11, 2025","3,289.55","3,298.95","3,206.00","3,231.50","3,180.34","7,108,961"
"Apr 9, 2025","3,260.55","3,270.00","3,212.05","3,246.60","3,195.20","2,990,265"
"Apr 8, 2025","3,302.05","3,349.00","3,255.30","3,292.95","3,240.81","5,557,558"
"Apr 7, 2025","3,100.00","3,291.40","3,056.05","3,274.05","3,222.21","6,623,955"
"Apr 4, 2025","3,362.60","3,399.65","3,295.50","3,299.40","3,247.16","5,317,367"
"Apr 3, 2025","3,491.00","3,502.00","3,396.15","3,403.15","3,349.27","4,537,821"
"Apr 2, 2025","3,544.00","3,564.10","3,530.05","3,543.95","3,487.84","1,764,313"
"Apr 1, 2025","3,572.70","3,584.00","3,525.00","3,550.80","3,494.58","2,618,493"
"Mar 28, 2025","3,651.00","3,660.95","3,591.90","3,606.15","3,549.05","2,051,919"
"Mar 27, 2025","3,614.85","3,663.00","3,610.50","3,651.20","3,593.39","2,528,474"
"Mar 26, 2025","3,647.75","3,680.50","3,625.85","3,635.80","3,578.23","1,734,499"
"Mar 25, 2025","3,645.00","3,710.00","3,638.00","3,657.75","3,599.84","3,135,390"
"Mar 24, 2025","3,600.00","3,649.75","3,566.60","3,628.95","3,571.49","1,834,751"
"Mar 21, 2025","3,475.00","3,616.25","3,465.00","3,578.10","3,521.45","4,161,925"
"Mar 20, 2025","3,512.00","3,578.95","3,512.00","3,563.15","3,506.73","2,845,192"
"Mar 19, 2025","3,547.00","3,547.00","3,462.75","3,497.10","3,441.73","3,051,244"
"Mar 18, 2025","3,497.70","3,497.70","3,497.70","3,497.70","3,442.32",-
"Mar 17, 2025","3,489.00","3,530.45","3,477.35","3,497.70","3,442.32","2,690,906"
"Mar 13, 2025","3,502.30","3,524.30","3,484.10","3,511.05","3,455.46","1,693,004"
"Mar 12, 2025","3,565.00","3,569.25","3,486.85","3,506.20","3,450.69","3,174,167"
"Mar 11, 2025","3,558.00","3,588.75","3,537.65","3,575.30","3,518.69","1,995,450"
"Mar 10, 2025","3,606.50","3,622.10","3,582.60","3,589.65","3,532.81","1,004,626"
"Mar 7, 2025","3,600.00","3,625.00","3,574.40","3,611.20","3,554.02","2,051,315"
"Mar 6, 2025","3,557.00","3,609.45","3,536.10","3,601.60","3,544.58","2,786,513"
"Mar 5, 2025","3,520.85","3,600.35","3,520.85","3,547.05","3,490.89","2,501,894"
"Mar 4, 2025","3,474.00","3,551.00","3,464.30","3,532.05","3,476.13","2,797,737"
"Mar 3, 2025","3,485.00","3,523.25","3,476.15","3,493.05","3,437.74","4,990,439"
"Feb 28, 2025","3,584.95","3,600.00","3,457.00","3,483.25","3,428.10","7,085,018"
"Feb 27, 2025","3,611.70","3,638.00","3,600.70","3,612.55","3,555.35","3,823,856"
"Feb 25, 2025","3,625.00","3,658.00","3,621.25","3,629.55","3,572.08","4,101,954"
"Feb 24, 2025","3,743.15","3,763.20","3,670.00","3,675.60","3,617.40","2,508,516"
"Feb 21, 2025","3,776.10","3,817.00","3,775.00","3,786.00","3,726.06","1,833,931"
"Feb 20, 2025","3,761.50","3,788.00","3,751.30","3,779.40","3,719.56","2,888,572"
"Feb 19, 2025","3,872.20","3,874.95","3,768.15","3,784.10","3,724.19","4,366,672"
"Feb 18, 2025","3,898.40","3,924.40","3,864.50","3,873.20","3,811.88","2,149,879"
"Feb 17, 2025","3,856.50","3,934.00","3,856.20","3,904.50","3,842.68","1,799,806"
"Feb 14, 2025","3,925.00","3,948.00","3,900.00","3,934.85","3,872.55","1,681,975"
"Feb 13, 2025","3,968.00","3,984.45","3,902.25","3,910.15","3,848.24","2,277,310"
"Feb 12, 2025","3,971.10","4,021.75","3,940.15","3,950.15","3,887.61","1,678,002"
"Feb 11, 2025","4,018.40","4,040.00","3,955.00","3,963.55","3,900.79","1,810,908"
"Feb 10, 2025","4,040.00","4,052.00","4,014.35","4,036.95","3,973.03","1,339,511"
"Feb 7, 2025","4,090.00","4,090.00","4,008.00","4,029.40","3,965.60","1,548,940"
"Feb 6, 2025","4,105.40","4,139.50","4,051.55","4,082.75","4,018.11","2,284,536"
"Feb 5, 2025","4,150.00","4,150.00","4,076.00","4,091.10","4,026.33","1,693,912"
"Feb 4, 2025","4,083.70","4,118.85","4,066.05","4,107.05","4,042.02","2,547,132"
"Feb 3, 2025","4,030.90","4,077.00","3,998.70","4,068.65","4,004.23","1,265,713"
"Feb 1, 2025","4,113.00","4,135.90","4,056.00","4,073.15","4,008.66","437,172"
"Jan 31, 2025","4,110.00","4,128.45","4,085.25","4,112.40","4,047.29","1,492,943"
"Jan 30, 2025","4,099.90","4,129.90","4,058.50","4,100.05","4,035.13","1,531,251"
"Jan 29, 2025","4,054.00","4,107.85","4,054.00","4,099.80","4,034.89","1,217,089"
"Jan 28, 2025","4,070.80","4,102.00","4,028.30","4,040.30","3,976.33","2,468,272"
"Jan 27, 2025","4,102.00","4,156.35","4,041.05","4,065.15","4,000.79","1,551,782"
"Jan 24, 2025","4,104.00","4,178.00","4,104.00","4,152.35","4,086.61","1,910,099"
"Jan 23, 2025","4,168.00","4,191.35","4,140.05","4,145.45","4,079.81","1,822,998"
"Jan 22, 2025","4,050.00","4,163.15","4,044.20","4,156.60","4,090.79","2,409,223"
"Jan 21, 2025","4,095.30","4,111.00","4,030.00","4,035.85","3,971.95","1,971,591"
"Jan 20, 2025","4,145.80","4,145.80","4,068.10","4,077.80","4,013.24","1,287,799"
"Jan 17, 2025","4,159.90","4,160.60","4,100.05","4,124.30","4,059.00","1,761,466"
"Jan 16, 2025","4,260.00","4,294.00","4,191.85","4,206.30","4,064.90","2,637,705"
"Jan 15, 2025","4,218.00","4,256.45","4,207.45","4,249.60","4,106.75","1,653,474"
"Jan 14, 2025","4,302.00","4,313.90","4,219.05","4,233.05","4,090.76","3,441,709"
"Jan 13, 2025","4,245.00","4,322.95","4,227.40","4,291.10","4,146.85","4,003,771"
"Jan 10, 2025","4,200.00","4,297.00","4,170.00","4,265.65","4,122.26","7,894,300"
"Jan 9, 2025","4,101.00","4,137.75","4,025.30","4,038.85","3,903.08","2,392,472"
"Jan 8, 2025","4,034.90","4,126.00","4,017.75","4,108.40","3,970.30","2,181,277"
"Jan 7, 2025","4,114.95","4,140.35","4,011.55","4,028.30","3,892.89","2,669,054"
"Jan 6, 2025","4,105.50","4,149.65","4,066.40","4,095.00","3,957.35","2,085,593"
"Jan 3, 2025","4,179.95","4,179.95","4,092.30","4,099.90","3,962.08","1,791,953"
"Jan 2, 2025","4,120.00","4,183.00","4,096.95","4,175.75","4,035.38","1,720,835"
"Jan 1, 2025","4,094.40","4,134.00","4,085.45","4,112.45","3,974.21","763,161"
"Dec 31, 2024","4,135.00","4,139.95","4,032.05","4,094.80","3,957.15","1,555,429"
"Dec 30, 2024","4,151.00","4,199.30","4,112.00","4,158.80","4,019.00","1,527,169"
"Dec 27, 2024","4,163.00","4,180.95","4,147.25","4,164.85","4,024.85","858,100"
"Dec 26, 2024","4,179.50","4,199.95","4,143.15","4,169.10","4,028.96","1,208,464"
"Dec 24, 2024","4,158.30","4,218.00","4,158.30","4,179.50","4,039.01","1,181,886"
"Dec 23, 2024","4,200.05","4,217.00","4,114.90","4,158.30","4,018.52","2,195,338"
"Dec 20, 2024","4,329.00","4,382.00","4,152.50","4,170.30","4,030.11","4,116,989"
"Dec 19, 2024","4,282.00","4,364.00","4,262.00","4,271.90","4,128.30","3,015,763"
"Dec 18, 2024","4,311.70","4,362.00","4,289.60","4,347.85","4,201.70","1,575,404"
"Dec 17, 2024","4,410.00","4,432.95","4,318.00","4,328.50","4,183.00","3,225,027"
"Dec 16, 2024","4,459.00","4,475.00","4,397.00","4,415.20","4,266.78","1,646,224"
"Dec 13, 2024","4,434.95","4,494.90","4,394.40","4,473.90","4,323.51","1,967,048"
"Dec 12, 2024","4,430.05","4,485.00","4,426.00","4,454.95","4,305.20","1,914,642"
"Dec 11, 2024","4,431.85","4,448.65","4,407.00","4,427.45","4,278.62","1,635,256"
"Dec 10, 2024","4,426.15","4,493.80","4,412.10","4,432.55","4,283.55","2,087,828"
"Dec 9, 2024","4,430.45","4,469.40","4,415.55","4,452.15","4,302.49","2,066,639"
"Dec 6, 2024","4,453.00","4,465.00","4,412.75","4,445.50","4,296.06","1,842,087"
"Dec 5, 2024","4,400.80","4,489.00","4,360.00","4,464.05","4,313.99","3,746,747"
"Dec 4, 2024","4,313.55","4,386.95","4,289.05","4,354.40","4,208.03","3,302,642"
"Dec 3, 2024","4,314.35","4,325.00","4,265.45","4,302.75","4,158.11","2,010,905"
"Dec 2, 2024","4,270.00","4,288.20","4,230.05","4,276.65","4,132.89","1,670,944"
"Nov 29, 2024","4,220.00","4,298.70","4,195.65","4,270.85","4,127.28","2,017,425"
"Nov 28, 2024","4,319.00","4,339.95","4,233.00","4,244.90","4,102.21","2,558,544"
"Nov 27, 2024","4,358.95","4,377.40","4,324.05","4,332.55","4,186.91","1,558,993"
"Nov 26, 2024","4,321.05","4,366.60","4,310.00","4,352.70","4,206.38","2,060,669"
"Nov 25, 2024","4,280.00","4,328.10","4,252.20","4,315.10","4,170.05","4,052,167"
"Nov 22, 2024","4,071.00","4,254.95","4,054.00","4,244.60","4,101.92","3,096,553"
"Nov 21, 2024","4,044.90","4,092.45","4,024.00","4,072.85","3,935.94","2,384,347"
"Nov 19, 2024","4,019.90","4,132.15","4,014.10","4,039.55","3,903.76","1,776,233"
"Nov 18, 2024","4,213.00","4,213.00","3,990.20","4,019.50","3,884.38","3,313,944"
"Nov 14, 2024","4,135.00","4,160.00","4,116.45","4,145.90","4,006.53","1,825,432"
"Nov 13, 2024","4,178.10","4,196.75","4,131.05","4,150.35","4,010.84","1,098,813"
"Nov 12, 2024","4,216.00","4,218.00","4,164.35","4,197.40","4,056.30","1,587,640"
"Nov 11, 2024","4,128.20","4,234.30","4,117.65","4,198.70","4,057.56","1,406,487"
"Nov 8, 2024","4,155.00","4,169.75","4,117.65","4,147.00","4,007.60","1,648,039"
"Nov 7, 2024","4,169.70","4,205.80","4,085.05","4,150.90","4,011.37","3,724,349"
"Nov 6, 2024","4,003.60","4,149.80","3,975.25","4,139.65","4,000.50","3,792,017"
"Nov 5, 2024","3,941.10","3,986.00","3,941.10","3,971.35","3,837.85","967,590"
"Nov 4, 2024","3,966.30","3,991.90","3,913.25","3,964.15","3,830.89","2,269,192"
"Nov 1, 2024","3,989.85","3,998.95","3,976.05","3,984.20","3,850.27","154,895"
"Oct 31, 2024","4,070.00","4,078.30","3,960.00","3,968.45","3,835.05","3,740,372"
"Oct 30, 2024","4,075.00","4,107.00","4,060.05","4,084.65","3,947.34","1,935,002"
"Oct 29, 2024","4,095.85","4,103.50","4,060.10","4,075.25","3,938.26","1,445,885"
"Oct 28, 2024","4,068.95","4,134.00","4,051.00","4,090.85","3,953.34","1,532,534"
"Oct 25, 2024","4,057.05","4,092.00","4,032.70","4,057.55","3,921.16","1,759,676"
"Oct 24, 2024","4,004.00","4,079.00","4,004.00","4,047.90","3,911.83","2,676,744"
"Oct 23, 2024","3,999.60","4,113.55","3,995.15","4,066.25","3,929.56","1,966,476"
"Oct 22, 2024","4,066.00","4,089.80","4,006.35","4,015.50","3,880.52","1,928,049"
"Oct 21, 2024","4,132.60","4,139.95","4,070.00","4,079.85","3,942.71","1,595,450"
"Oct 18, 2024","4,090.00","4,146.15","4,080.00","4,123.05","3,984.45","2,361,000"
"Oct 17, 2024","4,112.80","4,129.95","4,092.95","4,109.00","3,961.21","2,522,659"
"Oct 16, 2024","4,085.00","4,115.00","4,067.20","4,094.95","3,947.67","2,359,151"
"Oct 15, 2024","4,131.05","4,169.95","4,095.00","4,116.80","3,968.73","2,759,474"
"Oct 14, 2024","4,140.00","4,165.40","4,122.20","4,136.65","3,987.87","2,137,590"
"Oct 11, 2024","4,143.00","4,241.95","4,112.45","4,149.20","3,999.97","5,759,183"
"Oct 10, 2024","4,253.25","4,293.85","4,198.60","4,227.40","4,075.35","2,378,875"
"Oct 9, 2024","4,260.00","4,295.00","4,246.70","4,252.95","4,099.98","1,082,504"
"Oct 8, 2024","4,272.60","4,279.40","4,203.95","4,253.25","4,100.27","1,541,867"
"Oct 7, 2024","4,273.90","4,297.25","4,229.40","4,272.85","4,119.17","1,472,619"
"Oct 4, 2024","4,225.00","4,298.00","4,224.05","4,252.25","4,099.31","2,965,463"
"Oct 3, 2024","4,262.60","4,279.00","4,210.00","4,232.75","4,080.51","3,350,119"
"Oct 1, 2024","4,255.55","4,295.75","4,242.95","4,287.90","4,133.68","1,823,365"
"Sep 30, 2024","4,286.90","4,298.75","4,260.05","4,268.50","4,114.98","2,503,416"
"Sep 27, 2024","4,335.00","4,378.00","4,300.05","4,308.70","4,153.73","3,012,477"
"Sep 26, 2024","4,260.00","4,316.80","4,260.00","4,292.50","4,138.11","3,964,251"
"Sep 25, 2024","4,252.35","4,289.60","4,240.00","4,274.75","4,121.00","2,713,073"
"Sep 24, 2024","4,251.65","4,291.00","4,240.00","4,271.30","4,117.67","3,012,026"
"Sep 23, 2024","4,300.00","4,309.40","4,253.00","4,268.50","4,114.98","1,702,319"
"Sep 20, 2024","4,316.90","4,330.70","4,227.50","4,284.90","4,130.79","5,447,908"
"Sep 19, 2024","4,390.05","4,422.20","4,281.80","4,296.15","4,141.63","2,927,551"
"Sep 18, 2024","4,497.05","4,497.05","4,321.00","4,346.15","4,189.83","2,961,779"
"Sep 17, 2024","4,513.25","4,535.80","4,466.00","4,505.65","4,343.60","1,699,364"
"Sep 16, 2024","4,527.00","4,546.05","4,494.45","4,513.25","4,350.92","1,155,120"
"Sep 13, 2024","4,530.00","4,547.00","4,505.00","4,522.60","4,359.94","1,458,786"
"Sep 12, 2024","4,510.25","4,532.60","4,431.30","4,517.70","4,355.21","2,742,216"
"Sep 11, 2024","4,521.45","4,549.35","4,471.25","4,479.35","4,318.24","1,325,919"
"Sep 10, 2024","4,442.45","4,539.95","4,440.45","4,507.85","4,345.72","1,385,591"
"Sep 9, 2024","4,455.00","4,490.25","4,430.50","4,449.55","4,289.51","1,184,938"
"Sep 6, 2024","4,473.95","4,518.95","4,440.00","4,456.75","4,296.45","1,649,179"
"Sep 5, 2024","4,481.00","4,499.00","4,454.15","4,475.95","4,314.96","1,688,793"
"Sep 4, 2024","4,476.95","4,487.00","4,436.70","4,479.25","4,318.14","1,265,505"
"Sep 3, 2024","4,521.05","4,555.90","4,495.90","4,512.35","4,350.05","1,717,263"
"Sep 2, 2024","4,576.00","4,588.00","4,512.00","4,521.05","4,358.44","1,216,500"
"Aug 30, 2024","4,500.00","4,592.25","4,487.80","4,553.75","4,389.97","3,637,222"
"Aug 29, 2024","4,460.00","4,556.00","4,460.00","4,511.80","4,349.52","2,133,641"
"Aug 28, 2024","4,498.75","4,562.50","4,457.30","4,506.05","4,343.98","1,848,058"
"Aug 27, 2024","4,505.00","4,510.00","4,486.80","4,497.15","4,335.40","930,697"
"Aug 26, 2024","4,489.00","4,552.15","4,485.00","4,502.45","4,340.51","1,844,164"
"Aug 23, 2024","4,500.00","4,506.00","4,455.00","4,463.90","4,303.35","1,809,253"
"Aug 22, 2024","4,560.00","4,560.95","4,497.20","4,502.00","4,340.08","1,829,872"
"Aug 21, 2024","4,518.00","4,560.00","4,492.55","4,551.50","4,387.80","1,896,990"
"Aug 20, 2024","4,505.00","4,565.00","4,500.00","4,523.30","4,360.61","2,212,298"
"Aug 19, 2024","4,421.00","4,494.25","4,390.35","4,490.00","4,328.51","2,055,210"
"Aug 16, 2024","4,350.00","4,427.00","4,325.10","4,416.05","4,257.22","3,457,058"
"Aug 14, 2024","4,209.00","4,306.20","4,188.15","4,295.25","4,140.76","3,226,545"
"Aug 13, 2024","4,213.00","4,234.00","4,183.00","4,196.95","4,046.00","1,495,593"
"Aug 12, 2024","4,230.00","4,239.00","4,186.35","4,195.65","4,044.74","936,912"
"Aug 9, 2024","4,217.00","4,253.65","4,205.55","4,228.75","4,076.65","1,302,536"
"Aug 8, 2024","4,181.00","4,232.00","4,160.00","4,172.55","4,022.48","2,441,283"
"Aug 7, 2024","4,228.00","4,244.95","4,180.30","4,200.45","4,049.37","1,237,666"
"Aug 6, 2024","4,170.95","4,258.25","4,160.80","4,171.20","4,021.17","2,203,067"
"Aug 5, 2024","4,239.00","4,239.00","4,110.50","4,155.05","4,005.60","2,787,771"
"Aug 2, 2024","4,365.00","4,398.00","4,270.00","4,283.05","4,129.00","2,811,282"
"Aug 1, 2024","4,399.40","4,419.30","4,365.05","4,397.10","4,238.95","2,202,244"
"Jul 31, 2024","4,350.00","4,414.00","4,345.00","4,385.35","4,227.62","2,330,091"
"Jul 30, 2024","4,391.10","4,398.00","4,327.30","4,365.35","4,208.34","1,797,906"
"Jul 29, 2024","4,415.00","4,431.00","4,371.00","4,381.10","4,223.52","1,746,803"
"Jul 26, 2024","4,350.00","4,422.45","4,337.05","4,387.85","4,230.03","3,552,210"
"Jul 25, 2024","4,295.00","4,343.00","4,274.20","4,322.50","4,167.03","2,810,342"
"Jul 24, 2024","4,287.50","4,339.10","4,268.10","4,306.25","4,151.37","1,809,793"
"Jul 23, 2024","4,283.00","4,361.70","4,266.30","4,302.35","4,147.61","2,365,208"
"Jul 22, 2024","4,299.95","4,319.95","4,265.00","4,287.35","4,133.15","1,896,386"
"Jul 19, 2024","4,317.40","4,358.75","4,285.25","4,302.40","4,147.66","3,903,354"
"Jul 18, 2024","4,160.00","4,325.00","4,160.00","4,315.55","4,150.69","5,613,364"
"Jul 16, 2024","4,172.00","4,194.55","4,144.90","4,178.45","4,018.83","2,029,521"
"Jul 15, 2024","4,235.70","4,240.00","4,157.05","4,169.20","4,009.93","4,848,030"
"Jul 12, 2024","3,980.00","4,199.95","3,971.30","4,183.95","4,024.12","13,509,164"
"Jul 11, 2024","3,931.00","3,980.00","3,895.60","3,923.70","3,773.81","4,872,189"
"Jul 10, 2024","3,983.70","4,003.30","3,902.00","3,909.15","3,759.82","2,669,716"
"Jul 9, 2024","3,985.00","4,006.95","3,975.10","3,985.50","3,833.25","1,305,801"
"Jul 8, 2024","4,022.00","4,031.25","3,978.05","3,993.20","3,840.66","1,758,882"
"Jul 5, 2024","4,010.00","4,026.75","3,988.00","4,011.80","3,858.55","1,668,616"
"Jul 4, 2024","3,999.85","4,047.35","3,982.10","4,020.95","3,867.35","2,518,001"
"Jul 3, 2024","4,020.00","4,026.10","3,955.00","3,965.25","3,813.77","1,821,198"
"Jul 2, 2024","3,993.60","4,023.40","3,982.55","4,017.40","3,863.93","2,307,449"
"Jul 1, 2024","3,884.00","4,001.70","3,884.00","3,978.20","3,826.23","2,658,723"
"Jun 28, 2024","3,917.80","3,960.00","3,897.85","3,904.15","3,755.01","2,731,571"
"Jun 27, 2024","3,831.00","3,942.00","3,818.10","3,934.15","3,783.86","4,526,556"
"Jun 26, 2024","3,844.50","3,866.95","3,841.00","3,855.85","3,708.55","1,639,845"
"Jun 25, 2024","3,817.00","3,847.65","3,792.90","3,838.45","3,691.82","1,338,808"
"Jun 24, 2024","3,808.75","3,857.00","3,791.30","3,816.80","3,670.99","1,702,154"
"Jun 21, 2024","3,827.00","3,877.80","3,798.05","3,810.75","3,665.18","4,642,195"
"Jun 20, 2024","3,796.00","3,809.95","3,780.05","3,787.25","3,642.57","2,846,526"
"Jun 19, 2024","3,827.65","3,833.85","3,792.95","3,801.70","3,656.47","1,509,050"
"Jun 18, 2024","3,826.05","3,842.00","3,795.05","3,815.10","3,669.36","1,774,045"
"Jun 14, 2024","3,889.00","3,889.00","3,828.00","3,832.05","3,685.66","1,860,730"
"Jun 13, 2024","3,856.80","3,890.00","3,852.00","3,878.15","3,730.00","1,932,323"
"Jun 12, 2024","3,874.40","3,893.50","3,827.45","3,831.65","3,685.28","2,177,001"
"Jun 11, 2024","3,845.00","3,879.95","3,841.00","3,852.10","3,704.95","1,419,898"
"Jun 10, 2024","3,895.00","3,905.90","3,841.90","3,858.70","3,711.29","1,734,661"
"Jun 7, 2024","3,837.30","3,915.00","3,837.30","3,893.95","3,745.20","4,552,445"
"Jun 6, 2024","3,781.00","3,839.90","3,741.50","3,830.40","3,684.08","4,328,036"
"Jun 5, 2024","3,716.00","3,783.80","3,700.00","3,746.45","3,603.33","2,799,670"
"Jun 4, 2024","3,700.00","3,745.00","3,591.50","3,715.00","3,573.08","3,395,997"
"Jun 3, 2024","3,732.80","3,751.55","3,696.00","3,702.85","3,561.40","2,156,773"
"May 31, 2024","3,740.00","3,749.80","3,653.75","3,670.95","3,530.72","10,956,800"
"May 30, 2024","3,777.00","3,794.40","3,715.45","3,736.10","3,593.38","2,919,230"
"May 29, 2024","3,848.90","3,848.90","3,800.00","3,803.65","3,658.35","1,568,095"
"May 28, 2024","3,858.00","3,870.00","3,830.00","3,839.90","3,693.21","1,801,993"
"May 27, 2024","3,855.00","3,908.35","3,841.35","3,847.05","3,700.09","1,841,538"
"May 24, 2024","3,878.25","3,883.80","3,844.30","3,849.50","3,702.45","1,309,452"
"May 23, 2024","3,840.95","3,905.00","3,825.50","3,893.45","3,744.72","2,095,742"
"May 22, 2024","3,835.00","3,841.25","3,817.55","3,832.00","3,685.61","1,311,168"
"May 21, 2024","3,830.60","3,844.75","3,810.05","3,820.20","3,674.27","1,908,117"
"May 17, 2024","3,919.00","3,920.00","3,830.00","3,834.10","3,687.63","2,765,804"
"May 16, 2024","3,891.10","3,909.50","3,843.50","3,900.95","3,751.93","2,599,399"
"May 15, 2024","3,904.50","3,926.95","3,875.50","3,880.40","3,705.24","1,115,021"
"May 14, 2024","3,936.00","3,945.80","3,892.90","3,901.20","3,725.10","1,058,317"
"May 13, 2024","3,884.50","3,955.00","3,870.00","3,947.80","3,769.59","931,326"
"May 10, 2024","3,962.60","3,973.60","3,885.05","3,893.90","3,718.13","1,672,489"
"May 9, 2024","3,962.00","3,971.00","3,910.05","3,960.20","3,781.43","1,726,486"
"May 8, 2024","3,961.00","3,984.30","3,938.60","3,976.95","3,797.43","1,247,685"
"May 7, 2024","3,930.80","3,988.00","3,913.50","3,978.95","3,799.34","2,062,112"
"May 6, 2024","3,853.00","3,939.95","3,853.00","3,921.05","3,744.05","2,053,831"
"May 3, 2024","3,890.15","3,893.60","3,797.60","3,843.40","3,669.91","2,962,234"
"May 2, 2024","3,778.05","3,871.10","3,778.05","3,863.30","3,688.91","2,491,044"
"Apr 30, 2024","3,872.00","3,881.75","3,810.00","3,820.65","3,648.18","2,203,078"
"Apr 29, 2024","3,838.00","3,877.80","3,819.20","3,870.20","3,695.50","1,110,693"
"Apr 26, 2024","3,855.15","3,876.80","3,802.55","3,821.35","3,648.85","2,039,178"
"Apr 25, 2024","3,811.20","3,873.65","3,811.00","3,852.20","3,678.31","2,856,271"
"Apr 24, 2024","3,890.00","3,898.00","3,824.45","3,831.05","3,658.11","1,317,312"
"Apr 23, 2024","3,877.05","3,895.00","3,860.60","3,874.70","3,699.79","1,807,586"
"Apr 22, 2024","3,837.00","3,878.00","3,812.00","3,864.60","3,690.15","1,728,883"
"Apr 19, 2024","3,838.00","3,852.55","3,800.90","3,826.20","3,653.48","2,957,749"
"Apr 18, 2024","3,876.80","3,936.00","3,850.00","3,862.00","3,687.67","3,476,284"
"Apr 16, 2024","3,902.00","3,928.70","3,862.85","3,872.80","3,697.98","3,051,420"
"Apr 15, 2024","4,001.40","4,064.20","3,919.05","3,941.20","3,763.29","4,200,329"
"Apr 12, 2024","3,971.00","4,013.35","3,945.50","4,001.40","3,820.77","4,354,821"
"Apr 10, 2024","3,956.40","3,990.20","3,918.00","3,984.65","3,804.78","2,101,965"
"Apr 9, 2024","3,984.00","4,015.85","3,925.05","3,946.55","3,768.40","1,876,992"
"Apr 8, 2024","3,983.00","4,032.65","3,960.00","3,972.55","3,793.23","2,302,538"
"Apr 5, 2024","3,978.00","4,002.00","3,960.50","3,979.25","3,799.62","1,636,819"
"Apr 4, 2024","3,975.90","4,028.65","3,935.25","4,003.30","3,822.59","3,394,637"
"Apr 3, 2024","3,851.00","3,981.00","3,851.00","3,947.30","3,769.12","3,973,090"
"Apr 2, 2024","3,890.00","3,909.85","3,873.00","3,883.80","3,708.48","2,142,666"
"Apr 1, 2024","3,897.70","3,933.30","3,888.05","3,916.75","3,739.94","1,569,676"
"Mar 28, 2024","3,850.10","3,915.00","3,840.50","3,876.30","3,701.32","4,311,783"
"Mar 27, 2024","3,888.50","3,895.00","3,829.40","3,840.90","3,667.52","1,968,575"
"Mar 26, 2024","3,875.00","3,946.70","3,871.45","3,877.50","3,702.47","3,440,925"
"Mar 22, 2024","3,897.00","3,938.00","3,855.00","3,910.90","3,734.36","5,852,485"
"Mar 21, 2024","3,990.05","4,008.40","3,948.00","3,972.95","3,793.61","3,829,582"
"Mar 20, 2024","3,986.00","4,018.00","3,960.20","3,970.90","3,791.65","1,817,913"
"Mar 19, 2024","4,051.25","4,058.00","3,966.60","3,977.30","3,797.76","8,931,209"
"Mar 18, 2024","4,215.25","4,254.75","4,117.85","4,152.50","3,965.05","1,526,904"
"Mar 15, 2024","4,192.60","4,239.00","4,177.00","4,219.25","4,028.79","3,373,143"
"Mar 14, 2024","4,153.45","4,225.00","4,086.00","4,207.60","4,017.67","2,919,608"
"Mar 13, 2024","4,205.00","4,241.00","4,131.90","4,149.00","3,961.71","2,837,260"
"Mar 12, 2024","4,122.35","4,229.95","4,121.05","4,192.25","4,003.01","4,039,801"
"Mar 11, 2024","4,089.00","4,153.00","4,089.00","4,122.35","3,936.26","2,304,068"
"Mar 7, 2024","4,065.00","4,124.00","4,037.70","4,108.60","3,923.13","2,688,905"
"Mar 6, 2024","3,994.05","4,072.00","3,958.45","4,064.30","3,880.83","1,744,204"
"Mar 5, 2024","4,062.00","4,064.00","3,980.00","4,012.10","3,830.99","2,070,859"
"Mar 4, 2024","4,105.00","4,117.90","4,075.90","4,080.70","3,896.49","1,749,271"
"Mar 1, 2024","4,107.20","4,140.00","4,086.80","4,094.35","3,909.53","2,043,265"
"Feb 29, 2024","4,099.00","4,138.10","4,064.55","4,095.10","3,910.24","3,772,719"
"Feb 28, 2024","4,095.60","4,154.90","4,089.00","4,118.95","3,933.02","1,939,225"
"Feb 27, 2024","3,999.00","4,124.00","3,999.00","4,104.40","3,919.12","2,960,475"
"Feb 26, 2024","4,036.00","4,050.00","3,982.75","4,001.05","3,820.44","1,379,284"
"Feb 23, 2024","4,130.00","4,130.00","4,046.40","4,052.10","3,869.18","2,538,072"
"Feb 22, 2024","3,971.00","4,094.95","3,971.00","4,087.10","3,902.60","2,982,052"
"Feb 21, 2024","4,013.00","4,063.35","3,980.60","3,991.50","3,811.32","1,885,939"
"Feb 20, 2024","4,082.10","4,098.00","4,010.00","4,030.65","3,848.70","1,193,648"
"Feb 19, 2024","4,123.05","4,128.30","4,055.00","4,103.80","3,918.55","772,291"
"Feb 16, 2024","4,113.25","4,147.95","4,100.10","4,128.30","3,941.94","1,307,556"
"Feb 15, 2024","4,128.00","4,146.30","4,083.00","4,103.20","3,917.98","1,091,582"
"Feb 14, 2024","4,107.00","4,114.90","4,049.50","4,100.10","3,915.02","1,391,283"
"Feb 13, 2024","4,125.45","4,170.00","4,081.50","4,149.50","3,962.19","1,257,415"
"Feb 12, 2024","4,130.00","4,159.60","4,105.55","4,120.70","3,934.69","1,013,716"
"Feb 9, 2024","4,136.55","4,184.75","4,100.00","4,133.70","3,947.10","2,100,596"
"Feb 8, 2024","4,090.00","4,158.00","4,086.05","4,134.10","3,947.48","2,345,173"
"Feb 7, 2024","4,153.00","4,155.00","4,073.95","4,083.40","3,899.07","2,124,267"
"Feb 6, 2024","3,997.00","4,149.90","3,990.00","4,136.00","3,949.30","4,474,396"
"Feb 5, 2024","3,983.00","4,022.00","3,962.10","3,973.30","3,793.94","1,691,523"
"Feb 2, 2024","3,875.05","3,984.40","3,872.00","3,966.30","3,787.26","2,826,510"
"Feb 1, 2024","3,820.00","3,904.90","3,805.05","3,854.15","3,680.17","2,363,107"
"Jan 31, 2024","3,811.20","3,834.00","3,796.45","3,815.95","3,643.69","2,459,358"
"Jan 30, 2024","3,807.45","3,847.80","3,787.00","3,800.55","3,628.99","1,411,621"
"Jan 29, 2024","3,800.80","3,820.00","3,780.85","3,801.00","3,629.42","1,646,747"
"Jan 25, 2024","3,839.90","3,861.00","3,778.70","3,810.30","3,638.30","2,205,154"
"Jan 24, 2024","3,880.00","3,883.65","3,805.60","3,841.80","3,668.38","2,657,709"
"Jan 23, 2024","3,900.00","3,933.90","3,842.75","3,858.25","3,684.08","2,618,854"
"Jan 19, 2024","3,945.00","3,963.55","3,915.05","3,943.05","3,765.06","2,941,975"
"Jan 18, 2024","3,898.00","3,908.80","3,862.00","3,902.60","3,700.65","2,239,110"
"Jan 17, 2024","3,819.00","3,909.95","3,812.55","3,884.60","3,683.58","3,458,696"
"Jan 16, 2024","3,899.00","3,899.00","3,855.55","3,861.30","3,661.49","1,432,672"
"Jan 15, 2024","3,960.00","3,965.00","3,885.00","3,903.80","3,701.79","2,801,505"
"Jan 12, 2024","3,848.00","3,905.25","3,821.60","3,882.80","3,681.88","6,813,450"
"Jan 11, 2024","3,724.00","3,773.00","3,707.00","3,735.55","3,542.25","1,777,909"
"Jan 10, 2024","3,690.00","3,729.25","3,688.00","3,713.05","3,520.91","1,292,227"
"Jan 9, 2024","3,709.95","3,752.35","3,682.75","3,689.90","3,498.96","1,370,944"
"Jan 8, 2024","3,737.90","3,739.75","3,672.40","3,678.30","3,487.96","1,067,805"
"Jan 5, 2024","3,675.00","3,747.75","3,674.85","3,737.90","3,544.47","1,963,127"
"Jan 4, 2024","3,701.75","3,719.00","3,651.00","3,666.80","3,477.05","3,598,144"
"Jan 3, 2024","3,767.00","3,771.85","3,687.05","3,691.75","3,500.71","1,803,075"
"Jan 2, 2024","3,811.10","3,811.10","3,767.25","3,783.20","3,587.43","1,344,068"
"Jan 1, 2024","3,790.00","3,832.00","3,773.00","3,811.10","3,613.89","825,907"
"Dec 29, 2023","3,792.00","3,822.60","3,765.40","3,793.40","3,597.10","1,574,996"
"Dec 28, 2023","3,824.00","3,838.00","3,792.10","3,799.90","3,603.27","1,682,889"
"Dec 27, 2023","3,799.00","3,818.20","3,768.00","3,811.20","3,613.98","1,293,976"
"Dec 26, 2023","3,819.85","3,834.00","3,790.15","3,795.55","3,599.14","1,285,231"
"Dec 22, 2023","3,800.00","3,845.95","3,762.00","3,824.00","3,626.12","2,413,058"
"Dec 21, 2023","3,756.25","3,806.70","3,743.35","3,787.50","3,591.51","1,517,562"
"Dec 20, 2023","3,827.25","3,898.80","3,766.55","3,780.05","3,584.44","2,586,083"
"Dec 19, 2023","3,845.00","3,855.10","3,790.00","3,816.20","3,618.72","2,004,435"
"Dec 18, 2023","3,858.10","3,929.00","3,830.15","3,859.20","3,659.50","2,521,612"
"Dec 15, 2023","3,666.70","3,895.95","3,666.70","3,861.00","3,661.20","8,531,230"
"Dec 14, 2023","3,630.00","3,678.00","3,627.60","3,667.25","3,477.48","3,290,396"
"Dec 13, 2023","3,643.55","3,650.00","3,563.00","3,593.55","3,407.59","3,850,968"
"Dec 12, 2023","3,638.95","3,698.40","3,631.00","3,672.10","3,482.08","2,236,866"
"Dec 11, 2023","3,622.90","3,653.00","3,615.00","3,642.90","3,454.39","1,102,503"
"Dec 8, 2023","3,633.00","3,645.00","3,602.05","3,626.70","3,439.03","1,641,155"
"Dec 7, 2023","3,605.00","3,630.55","3,591.70","3,614.90","3,427.84","1,967,653"
"Dec 6, 2023","3,532.60","3,612.85","3,525.15","3,604.10","3,417.60","1,896,572"
"Dec 5, 2023","3,538.00","3,538.00","3,502.80","3,531.60","3,348.85","1,377,656"
"Dec 4, 2023","3,544.65","3,547.80","3,498.00","3,512.45","3,330.69","1,625,213"
"Dec 1, 2023","3,500.00","3,516.95","3,490.05","3,511.65","3,329.93","1,172,141"
"Nov 30, 2023","3,499.45","3,516.65","3,481.00","3,487.60","3,307.13","3,266,235"
"Nov 29, 2023","3,481.00","3,518.00","3,475.80","3,513.75","3,331.92","1,441,634"
"Nov 28, 2023","3,457.10","3,481.25","3,433.00","3,470.15","3,290.58","1,689,195"
"Nov 24, 2023","3,494.25","3,504.55","3,453.00","3,457.10","3,278.21","1,989,733"
"Nov 23, 2023","3,530.00","3,544.00","3,500.00","3,508.25","3,326.71","2,729,804"
"Nov 22, 2023","3,500.00","3,532.65","3,481.10","3,530.15","3,347.48","1,798,051"
"Nov 21, 2023","3,519.60","3,539.05","3,501.00","3,510.20","3,328.56","1,807,236"
"Nov 20, 2023","3,491.25","3,533.90","3,491.25","3,519.60","3,337.47","1,475,621"
"Nov 17, 2023","3,497.85","3,524.50","3,492.55","3,502.45","3,321.21","2,021,292"
"Nov 16, 2023","3,430.05","3,529.35","3,414.20","3,497.85","3,316.85","3,951,984"
"Nov 15, 2023","3,383.10","3,413.00","3,356.05","3,404.30","3,228.14","2,059,802"
"Nov 13, 2023","3,356.00","3,356.00","3,327.00","3,331.55","3,159.15","1,030,990"
"Nov 10, 2023","3,338.00","3,347.45","3,322.35","3,333.45","3,160.95","1,338,557"
"Nov 9, 2023","3,390.10","3,391.50","3,342.05","3,347.45","3,174.23","2,112,352"
"Nov 8, 2023","3,371.45","3,401.95","3,369.55","3,381.55","3,206.56","992,899"
"Nov 7, 2023","3,378.00","3,404.15","3,366.00","3,370.45","3,196.04","1,191,144"
"Nov 6, 2023","3,375.00","3,392.30","3,359.00","3,380.25","3,205.33","1,099,852"
"Nov 3, 2023","3,382.00","3,387.90","3,344.30","3,350.90","3,177.50","1,402,598"
"Nov 2, 2023","3,343.20","3,375.95","3,343.20","3,360.10","3,186.22","1,245,384"
"Nov 1, 2023","3,355.00","3,371.60","3,311.00","3,330.65","3,158.30","1,563,475"
"Oct 31, 2023","3,399.00","3,399.00","3,350.05","3,368.75","3,194.43","999,811"
"Oct 30, 2023","3,350.00","3,382.85","3,333.75","3,378.55","3,203.72","910,972"
"Oct 27, 2023","3,350.00","3,362.00","3,337.00","3,350.95","3,177.55","1,108,851"
"Oct 26, 2023","3,368.05","3,373.70","3,330.00","3,336.75","3,164.08","1,984,471"
"Oct 25, 2023","3,390.50","3,425.00","3,377.20","3,390.10","3,214.67","1,518,537"
"Oct 23, 2023","3,473.00","3,478.95","3,401.30","3,410.15","3,233.68","1,106,272"
"Oct 20, 2023","3,450.40","3,499.50","3,444.05","3,494.55","3,313.72","1,481,211"
"Oct 19, 2023","3,469.50","3,476.85","3,451.90","3,455.65","3,276.83","1,514,545"
"Oct 18, 2023","3,511.00","3,522.70","3,484.00","3,487.25","3,298.26","1,408,245"
"Oct 17, 2023","3,530.00","3,534.15","3,503.35","3,507.05","3,316.99","1,672,065"
"Oct 16, 2023","3,566.00","3,574.65","3,519.10","3,524.05","3,333.07","1,671,104"
"Oct 13, 2023","3,530.00","3,577.00","3,525.00","3,570.85","3,377.33","2,890,357"
"Oct 12, 2023","3,575.00","3,588.65","3,538.10","3,542.55","3,350.56","4,241,281"
"Oct 11, 2023","3,650.00","3,650.00","3,605.00","3,609.90","3,414.26","2,426,417"
"Oct 10, 2023","3,640.05","3,648.00","3,601.35","3,628.90","3,432.23","1,848,148"
"Oct 9, 2023","3,645.05","3,679.00","3,631.00","3,638.35","3,441.17","4,233,074"
"Oct 6, 2023","3,591.00","3,634.95","3,575.05","3,621.40","3,425.14","2,075,691"
"Oct 5, 2023","3,554.00","3,624.00","3,551.20","3,589.35","3,394.83","2,990,768"
"Oct 4, 2023","3,486.30","3,548.00","3,477.30","3,537.75","3,346.02","1,788,138"
"Oct 3, 2023","3,534.20","3,534.20","3,480.10","3,513.85","3,323.42","1,948,148"
"Sep 29, 2023","3,537.20","3,568.45","3,505.55","3,528.60","3,337.37","2,243,791"
"Sep 28, 2023","3,600.00","3,602.80","3,527.35","3,536.75","3,345.08","1,755,753"
"Sep 27, 2023","3,590.00","3,614.00","3,555.70","3,589.30","3,394.78","1,541,134"
"Sep 26, 2023","3,567.60","3,594.95","3,536.00","3,585.70","3,391.38","1,726,062"
"Sep 25, 2023","3,602.50","3,620.00","3,558.65","3,577.15","3,383.29","1,238,778"
"Sep 22, 2023","3,584.00","3,633.75","3,565.05","3,603.65","3,408.35","1,989,083"
"Sep 21, 2023","3,588.55","3,605.00","3,528.00","3,585.30","3,391.00","2,004,073"
"Sep 20, 2023","3,580.00","3,625.00","3,580.00","3,606.05","3,410.62","1,649,396"
"Sep 18, 2023","3,580.05","3,619.30","3,575.25","3,606.15","3,410.72","1,395,753"
"Sep 15, 2023","3,567.85","3,607.35","3,562.45","3,598.30","3,403.29","2,952,897"
"Sep 14, 2023","3,570.05","3,597.70","3,545.60","3,560.05","3,367.12","2,604,721"
"Sep 13, 2023","3,571.10","3,588.85","3,545.00","3,567.85","3,374.49","1,754,929"
"Sep 12, 2023","3,492.00","3,589.90","3,483.00","3,580.80","3,386.74","4,476,016"
"Sep 11, 2023","3,462.00","3,485.70","3,445.00","3,480.65","3,292.02","1,783,604"
"Sep 8, 2023","3,455.25","3,465.00","3,435.05","3,441.90","3,255.37","1,518,917"
"Sep 7, 2023","3,430.80","3,460.00","3,422.30","3,455.25","3,268.00","1,885,092"
"Sep 6, 2023","3,434.00","3,443.90","3,398.10","3,429.90","3,244.02","1,314,818"
"Sep 5, 2023","3,420.00","3,447.00","3,405.15","3,429.35","3,243.50","1,501,842"
"Sep 4, 2023","3,378.00","3,432.85","3,370.05","3,418.50","3,233.24","1,828,332"
"Sep 1, 2023","3,366.00","3,389.00","3,356.80","3,379.20","3,196.07","1,277,950"
"Aug 31, 2023","3,401.00","3,417.40","3,343.65","3,356.80","3,174.88","3,417,652"
"Aug 30, 2023","3,398.00","3,408.10","3,383.05","3,390.95","3,207.18","1,188,200"
"Aug 29, 2023","3,381.05","3,389.55","3,365.00","3,376.15","3,193.18","944,517"
"Aug 28, 2023","3,394.00","3,394.00","3,360.10","3,375.55","3,192.61","1,037,485"
"Aug 25, 2023","3,375.00","3,385.80","3,350.25","3,381.30","3,198.05","1,158,046"
"Aug 24, 2023","3,408.00","3,413.05","3,378.10","3,387.75","3,204.15","1,152,881"
"Aug 23, 2023","3,388.00","3,402.00","3,376.00","3,398.25","3,214.08","1,330,046"
"Aug 22, 2023","3,400.00","3,411.00","3,365.05","3,382.15","3,198.86","1,222,012"
"Aug 21, 2023","3,375.00","3,409.75","3,372.00","3,401.65","3,217.30","1,375,579"
"Aug 18, 2023","3,410.00","3,410.00","3,356.50","3,367.10","3,184.62","2,526,749"
"Aug 17, 2023","3,455.00","3,460.80","3,413.20","3,435.75","3,249.55","1,843,241"
"Aug 16, 2023","3,450.00","3,466.00","3,435.20","3,458.40","3,270.97","1,328,445"
"Aug 14, 2023","3,440.70","3,455.00","3,411.00","3,449.85","3,262.89","1,190,425"
"Aug 11, 2023","3,438.10","3,466.65","3,414.00","3,448.80","3,261.89","1,679,974"
"Aug 10, 2023","3,450.00","3,464.90","3,430.05","3,442.10","3,255.56","1,096,701"
"Aug 9, 2023","3,464.90","3,467.00","3,425.05","3,462.50","3,274.85","1,794,589"
"Aug 8, 2023","3,484.05","3,489.95","3,456.60","3,470.60","3,282.51","1,634,225"
"Aug 7, 2023","3,453.95","3,488.00","3,441.25","3,484.05","3,295.23","1,853,889"
"Aug 4, 2023","3,401.25","3,471.00","3,401.25","3,443.55","3,256.93","2,248,493"
"Aug 3, 2023","3,420.00","3,433.25","3,368.00","3,399.95","3,215.69","2,026,351"
"Aug 2, 2023","3,434.95","3,446.40","3,413.60","3,440.65","3,254.19","1,914,899"
"Aug 1, 2023","3,415.00","3,460.00","3,415.00","3,452.05","3,264.97","1,956,167"
"Jul 31, 2023","3,364.40","3,426.65","3,360.90","3,421.45","3,236.03","2,743,678"
"Jul 28, 2023","3,385.00","3,393.70","3,331.00","3,355.40","3,173.56","2,599,831"
"Jul 27, 2023","3,394.95","3,411.65","3,385.05","3,396.90","3,212.81","1,701,769"
"Jul 26, 2023","3,400.35","3,420.85","3,385.00","3,388.30","3,204.67","1,066,803"
"Jul 25, 2023","3,397.50","3,406.80","3,380.20","3,399.15","3,214.94","1,272,980"
"Jul 24, 2023","3,381.00","3,413.45","3,372.10","3,394.75","3,210.77","1,680,132"
"Jul 21, 2023","3,404.05","3,434.90","3,359.05","3,368.30","3,185.76","3,770,223"
"Jul 20, 2023","3,453.10","3,478.90","3,436.05","3,463.30","3,275.61","1,715,404"
"Jul 19, 2023","3,500.00","3,516.85","3,445.65","3,470.05","3,273.48","2,405,370"
"Jul 18, 2023","3,476.00","3,524.00","3,465.00","3,496.85","3,298.76","2,600,090"
"Jul 17, 2023","3,510.00","3,549.90","3,477.05","3,491.70","3,293.90","2,743,228"
"Jul 14, 2023","3,365.00","3,524.85","3,352.00","3,514.65","3,315.55","6,306,101"
"Jul 13, 2023","3,284.00","3,367.45","3,272.75","3,340.55","3,151.32","4,585,146"
"Jul 12, 2023","3,280.95","3,289.15","3,250.10","3,259.90","3,075.23","1,515,240"
"Jul 11, 2023","3,295.00","3,295.00","3,260.80","3,272.40","3,087.03","1,110,172"
"Jul 10, 2023","3,324.75","3,324.75","3,265.20","3,271.95","3,086.60","1,407,431"
"Jul 7, 2023","3,302.00","3,356.90","3,302.00","3,329.25","3,140.66","1,789,326"
"Jul 6, 2023","3,306.55","3,328.45","3,302.00","3,322.90","3,134.67","1,848,238"
"Jul 5, 2023","3,320.00","3,329.00","3,305.00","3,319.95","3,131.88","1,453,008"
"Jul 4, 2023","3,290.00","3,315.00","3,277.30","3,308.85","3,121.41","1,656,681"
"Jul 3, 2023","3,314.30","3,318.80","3,268.75","3,272.30","3,086.93","1,687,264"
"Jun 30, 2023","3,220.00","3,310.00","3,214.10","3,302.25","3,115.19","2,672,406"
"Jun 28, 2023","3,208.00","3,230.95","3,193.40","3,215.45","3,033.30","1,575,872"
"Jun 27, 2023","3,202.00","3,209.65","3,182.30","3,197.35","3,016.23","863,542"
"Jun 26, 2023","3,205.00","3,213.90","3,173.00","3,189.65","3,008.96","1,978,803"
"Jun 23, 2023","3,237.30","3,249.40","3,209.15","3,216.35","3,034.15","1,119,505"
"Jun 22, 2023","3,260.00","3,267.65","3,230.10","3,238.50","3,055.05","1,529,603"
"Jun 21, 2023","3,250.00","3,261.40","3,223.95","3,258.20","3,073.63","1,645,987"
"Jun 20, 2023","3,214.00","3,232.50","3,201.05","3,227.70","3,044.86","1,528,452"
"Jun 19, 2023","3,190.00","3,214.90","3,175.00","3,210.40","3,028.54","1,468,186"
"Jun 16, 2023","3,197.00","3,199.40","3,156.00","3,174.90","2,995.05","4,156,189"
"Jun 15, 2023","3,245.30","3,247.45","3,210.00","3,216.30","3,034.10","2,273,810"
"Jun 14, 2023","3,243.70","3,255.85","3,225.85","3,251.05","3,044.25","1,658,544"
"Jun 13, 2023","3,260.00","3,265.00","3,239.00","3,243.70","3,037.36","1,371,928"
"Jun 12, 2023","3,215.00","3,254.40","3,211.00","3,246.90","3,040.36","2,324,605"
"Jun 9, 2023","3,245.00","3,250.00","3,205.35","3,209.30","3,005.15","1,775,689"
"Jun 8, 2023","3,261.00","3,270.00","3,233.00","3,236.45","3,030.57","1,759,366"
"Jun 7, 2023","3,253.00","3,278.85","3,241.00","3,274.90","3,066.58","1,567,196"
"Jun 6, 2023","3,280.00","3,288.85","3,220.60","3,232.30","3,026.69","2,022,849"
"Jun 5, 2023","3,315.00","3,327.00","3,285.05","3,288.90","3,079.69","1,861,468"
"Jun 2, 2023","3,326.25","3,335.90","3,297.45","3,305.60","3,095.33","2,030,661"
"Jun 1, 2023","3,314.00","3,340.00","3,297.50","3,324.00","3,112.56","1,177,314"
"May 31, 2023","3,309.00","3,327.70","3,265.15","3,289.50","3,080.25","5,815,424"
"May 30, 2023","3,315.00","3,326.95","3,301.35","3,316.20","3,105.25","1,344,224"
"May 29, 2023","3,360.80","3,372.00","3,312.00","3,320.35","3,109.14","1,210,372"
"May 26, 2023","3,293.50","3,338.65","3,291.00","3,328.90","3,117.14","1,791,115"
"May 25, 2023","3,294.00","3,306.00","3,267.10","3,293.50","3,084.00","1,374,917"
"May 24, 2023","3,276.00","3,317.20","3,276.00","3,303.35","3,093.22","1,016,555"
"May 23, 2023","3,306.00","3,327.95","3,290.10","3,297.05","3,087.32","1,687,418"
"May 22, 2023","3,230.00","3,308.45","3,217.05","3,298.70","3,088.86","1,333,243"
"May 19, 2023","3,210.00","3,234.50","3,203.05","3,222.85","3,017.84","1,152,449"
"May 18, 2023","3,225.95","3,228.95","3,195.00","3,199.85","2,996.30","1,369,364"
"May 17, 2023","3,255.95","3,280.00","3,198.25","3,208.70","3,004.59","1,588,815"
"May 16, 2023","3,256.20","3,285.00","3,250.45","3,258.15","3,050.89","986,306"
"May 15, 2023","3,284.00","3,292.00","3,248.35","3,255.05","3,047.99","1,150,390"
"May 12, 2023","3,279.15","3,290.00","3,260.00","3,274.30","3,066.02","1,027,479"
"May 11, 2023","3,309.00","3,309.70","3,272.00","3,282.15","3,073.37","1,719,623"
"May 10, 2023","3,290.00","3,306.50","3,266.05","3,286.80","3,077.72","1,559,987"
"May 9, 2023","3,252.60","3,298.00","3,246.00","3,283.25","3,074.40","1,107,375"
"May 8, 2023","3,245.00","3,254.85","3,231.30","3,250.60","3,043.82","928,235"
"May 5, 2023","3,220.00","3,244.00","3,210.05","3,230.70","3,025.19","1,710,027"
"May 4, 2023","3,180.15","3,224.45","3,178.00","3,220.70","3,015.83","1,953,253"
"May 3, 2023","3,216.00","3,216.00","3,173.15","3,179.90","2,977.62","2,468,285"
"May 2, 2023","3,235.00","3,235.00","3,210.00","3,219.40","3,014.61","2,321,159"
"Apr 28, 2023","3,200.40","3,227.25","3,196.25","3,219.25","3,014.47","2,931,312"
"Apr 27, 2023","3,185.00","3,199.20","3,170.65","3,187.95","2,985.16","2,434,446"
"Apr 26, 2023","3,181.00","3,208.40","3,181.00","3,198.15","2,994.71","2,000,029"
"Apr 25, 2023","3,183.00","3,191.20","3,147.50","3,176.00","2,973.97","2,024,090"
"Apr 24, 2023","3,151.10","3,180.95","3,126.15","3,174.80","2,972.85","1,640,676"
"Apr 21, 2023","3,110.00","3,164.45","3,100.80","3,160.85","2,959.78","1,929,184"
"Apr 20, 2023","3,090.00","3,113.00","3,078.00","3,104.80","2,907.30","2,419,999"
"Apr 19, 2023","3,130.75","3,140.00","3,071.50","3,089.60","2,893.07","3,298,034"
"Apr 18, 2023","3,154.95","3,156.85","3,110.60","3,130.75","2,931.60","2,617,302"
"Apr 17, 2023","3,134.10","3,163.40","3,070.25","3,139.50","2,939.79","5,505,048"
"Apr 13, 2023","3,210.00","3,230.00","3,180.00","3,188.85","2,986.00","4,174,070"
"Apr 12, 2023","3,227.95","3,260.95","3,199.00","3,241.65","3,035.44","2,417,727"
"Apr 11, 2023","3,264.00","3,272.95","3,192.15","3,213.80","3,009.37","2,348,779"
"Apr 10, 2023","3,220.00","3,272.00","3,215.00","3,263.40","3,055.81","2,203,187"
"Apr 6, 2023","3,225.00","3,257.35","3,215.00","3,220.70","3,015.83","1,703,464"
"Apr 5, 2023","3,185.50","3,264.35","3,185.50","3,239.80","3,033.71","2,655,065"
"Apr 3, 2023","3,224.95","3,224.95","3,173.75","3,200.00","2,996.44","1,521,830"
"Mar 31, 2023","3,189.95","3,213.00","3,152.00","3,205.90","3,001.97","2,382,581"
"Mar 29, 2023","3,129.00","3,150.00","3,104.10","3,138.90","2,939.23","1,740,616"
"Mar 28, 2023","3,127.00","3,149.55","3,110.15","3,115.90","2,917.69","1,303,530"
"Mar 27, 2023","3,135.00","3,152.75","3,106.00","3,122.30","2,923.69","1,524,217"
"Mar 24, 2023","3,148.90","3,170.00","3,106.00","3,120.50","2,922.00","1,329,577"
"Mar 23, 2023","3,114.90","3,146.35","3,101.00","3,124.65","2,925.89","1,372,218"
"Mar 22, 2023","3,130.05","3,143.50","3,106.10","3,130.80","2,931.65","1,123,939"
"Mar 21, 2023","3,143.30","3,156.75","3,097.45","3,106.10","2,908.52","1,815,297"
"Mar 20, 2023","3,169.65","3,169.65","3,095.05","3,143.30","2,943.35","2,289,468"
"Mar 17, 2023","3,150.50","3,221.40","3,144.00","3,179.30","2,977.06","6,739,966"
"Mar 16, 2023","3,208.00","3,219.80","3,172.00","3,185.00","2,982.40","1,901,060"
"Mar 15, 2023","3,250.00","3,260.35","3,192.00","3,198.90","2,995.41","1,780,522"
"Mar 14, 2023","3,280.00","3,304.40","3,209.40","3,214.95","3,010.44","2,670,334"
"Mar 13, 2023","3,333.00","3,369.80","3,272.00","3,281.95","3,073.18","1,901,233"
"Mar 10, 2023","3,312.90","3,337.25","3,290.00","3,331.00","3,119.11","1,024,404"
"Mar 9, 2023","3,385.00","3,385.00","3,330.85","3,336.85","3,124.59","1,648,500"
"Mar 8, 2023","3,364.00","3,396.00","3,330.85","3,390.40","3,174.73","1,844,590"
"Mar 6, 2023","3,361.90","3,404.95","3,359.00","3,371.85","3,157.36","1,334,132"
"Mar 3, 2023","3,354.00","3,358.00","3,331.10","3,342.15","3,129.55","1,043,190"
"Mar 2, 2023","3,361.00","3,369.90","3,318.00","3,321.45","3,110.17","1,556,538"
"Mar 1, 2023","3,323.00","3,389.00","3,315.00","3,385.70","3,170.33","1,669,307"
"Feb 28, 2023","3,328.50","3,392.00","3,299.90","3,312.85","3,102.11","4,116,217"
"Feb 27, 2023","3,390.00","3,390.00","3,316.00","3,331.85","3,119.91","1,128,022"
"Feb 24, 2023","3,422.50","3,433.95","3,382.30","3,400.45","3,184.14","977,592"
"Feb 23, 2023","3,421.00","3,452.40","3,408.00","3,413.80","3,196.64","1,441,570"
"Feb 22, 2023","3,414.95","3,447.00","3,395.00","3,401.55","3,185.17","1,218,430"
"Feb 21, 2023","3,494.00","3,508.90","3,444.75","3,451.00","3,231.48","1,139,541"
"Feb 20, 2023","3,502.00","3,522.00","3,475.05","3,487.30","3,265.47","1,296,082"
"Feb 17, 2023","3,526.15","3,538.90","3,490.00","3,501.15","3,278.44","1,061,369"
"Feb 16, 2023","3,527.20","3,575.00","3,527.00","3,558.05","3,331.72","1,618,931"
"Feb 15, 2023","3,487.00","3,526.00","3,460.15","3,520.65","3,296.70","1,429,449"
"Feb 14, 2023","3,505.00","3,524.85","3,495.00","3,500.10","3,277.45","1,579,818"
"Feb 13, 2023","3,549.00","3,549.00","3,473.40","3,482.40","3,260.88","1,087,939"
"Feb 10, 2023","3,520.00","3,542.35","3,508.15","3,537.55","3,312.52","1,187,821"
"Feb 9, 2023","3,515.00","3,547.60","3,505.30","3,540.85","3,315.61","1,655,427"
"Feb 8, 2023","3,478.05","3,539.90","3,478.05","3,520.10","3,296.18","1,986,946"
"Feb 7, 2023","3,468.90","3,493.00","3,461.40","3,472.55","3,251.66","1,455,647"
"Feb 6, 2023","3,473.15","3,473.15","3,436.85","3,459.95","3,239.86","1,138,714"
"Feb 3, 2023","3,504.00","3,504.00","3,452.90","3,482.30","3,260.79","1,804,469"
"Feb 2, 2023","3,427.00","3,469.00","3,420.10","3,460.40","3,240.28","1,813,847"
"Feb 1, 2023","3,363.00","3,419.00","3,355.00","3,408.35","3,191.54","2,205,161"
"Jan 31, 2023","3,449.00","3,449.00","3,351.00","3,358.70","3,145.05","2,820,375"
"Jan 30, 2023","3,420.00","3,458.45","3,385.55","3,433.65","3,215.23","1,953,798"
"Jan 27, 2023","3,426.00","3,446.00","3,382.30","3,411.05","3,194.07","1,785,879"
"Jan 25, 2023","3,425.30","3,435.00","3,405.00","3,429.75","3,211.58","874,110"
"Jan 24, 2023","3,425.00","3,451.95","3,417.30","3,436.30","3,217.71","1,387,863"
"Jan 23, 2023","3,388.00","3,419.00","3,355.60","3,414.90","3,197.67","1,067,916"
"Jan 20, 2023","3,365.00","3,394.65","3,355.60","3,363.10","3,149.17","1,529,349"
"Jan 19, 2023","3,380.00","3,387.00","3,361.00","3,373.10","3,158.53","1,585,044"
"Jan 18, 2023","3,380.00","3,408.95","3,372.25","3,390.00","3,174.36","2,421,189"
"Jan 17, 2023","3,330.00","3,381.80","3,321.00","3,378.40","3,163.49","1,688,475"
"Jan 16, 2023","3,317.00","3,353.00","3,298.05","3,334.05","3,121.97","1,843,607"
"Jan 13, 2023","3,342.90","3,379.00","3,305.00","3,374.55","3,089.66","1,742,837"
"Jan 12, 2023","3,329.00","3,350.00","3,315.55","3,334.35","3,052.85","2,250,391"
"Jan 11, 2023","3,290.10","3,349.50","3,271.15","3,328.70","3,047.68","2,720,512"
"Jan 10, 2023","3,285.00","3,298.00","3,230.10","3,286.40","3,008.95","3,864,655"
"Jan 9, 2023","3,229.00","3,327.00","3,221.15","3,319.95","3,039.67","2,885,060"
"Jan 6, 2023","3,300.00","3,301.55","3,200.00","3,211.55","2,940.42","2,488,376"
"Jan 5, 2023","3,330.20","3,337.30","3,281.95","3,311.10","3,031.57","1,826,057"
"Jan 4, 2023","3,306.70","3,327.35","3,286.20","3,314.65","3,034.82","1,231,668"
"Jan 3, 2023","3,252.00","3,320.00","3,245.30","3,311.35","3,031.80","1,245,178"
"Jan 2, 2023","3,261.00","3,266.85","3,235.20","3,261.45","2,986.11","709,547"
"Dec 30, 2022","3,286.05","3,299.00","3,246.20","3,256.70","2,981.76","1,163,131"
"Dec 29, 2022","3,231.10","3,271.50","3,228.00","3,268.75","2,992.79","1,037,927"
"Dec 28, 2022","3,249.80","3,266.10","3,226.00","3,257.10","2,982.13","910,795"
"Dec 27, 2022","3,269.20","3,273.80","3,231.50","3,259.50","2,984.32","835,883"
"Dec 26, 2022","3,228.35","3,272.00","3,225.05","3,252.90","2,978.28","870,157"
"Dec 23, 2022","3,217.00","3,266.85","3,217.00","3,228.35","2,955.80","1,360,281"
"Dec 22, 2022","3,294.00","3,294.00","3,245.10","3,259.70","2,984.51","1,384,101"
"Dec 21, 2022","3,249.00","3,283.05","3,240.00","3,268.55","2,992.61","1,432,566"
"Dec 20, 2022","3,198.90","3,249.00","3,163.65","3,243.95","2,970.09","1,529,971"
"Dec 19, 2022","3,227.00","3,245.50","3,194.50","3,202.05","2,931.72","2,120,965"
"Dec 16, 2022","3,275.00","3,292.00","3,225.20","3,240.25","2,966.70","2,703,680"
"Dec 15, 2022","3,358.80","3,364.75","3,298.95","3,305.10","3,026.07","1,415,694"
"Dec 14, 2022","3,348.80","3,377.00","3,340.90","3,365.35","3,081.24","1,213,311"
"Dec 13, 2022","3,277.20","3,336.45","3,267.80","3,332.10","3,050.79","1,378,016"
"Dec 12, 2022","3,255.50","3,296.00","3,236.10","3,286.45","3,009.00","1,527,610"
"Dec 9, 2022","3,374.10","3,374.10","3,276.35","3,292.75","3,014.77","1,797,896"
"Dec 8, 2022","3,360.00","3,380.60","3,339.45","3,350.55","3,067.69","1,285,619"
"Dec 7, 2022","3,368.30","3,393.70","3,354.00","3,380.60","3,095.20","1,167,505"
"Dec 6, 2022","3,400.05","3,407.95","3,368.00","3,385.35","3,099.55","1,166,999"
"Dec 5, 2022","3,433.00","3,439.15","3,407.00","3,425.90","3,136.68","1,475,065"
"Dec 2, 2022","3,458.10","3,468.90","3,413.00","3,439.15","3,148.81","2,411,749"
"Dec 1, 2022","3,425.00","3,480.00","3,420.00","3,475.65","3,182.23","2,180,856"
"Nov 30, 2022","3,383.00","3,414.90","3,375.00","3,390.80","3,104.54","3,410,702"
"Nov 29, 2022","3,383.00","3,429.00","3,383.00","3,397.35","3,110.54","1,576,028"
"Nov 28, 2022","3,366.00","3,417.00","3,365.55","3,395.25","3,108.61","2,195,437"
"Nov 25, 2022","3,383.00","3,403.35","3,348.00","3,389.65","3,103.49","1,588,981"
"Nov 24, 2022","3,316.25","3,392.95","3,308.30","3,380.15","3,094.79","1,296,591"
"Nov 23, 2022","3,330.00","3,330.00","3,291.00","3,308.30","3,029.00","1,150,011"
"Nov 22, 2022","3,280.00","3,318.95","3,255.25","3,314.95","3,035.09","1,149,739"
"Nov 21, 2022","3,322.50","3,333.70","3,273.00","3,283.50","3,006.30","1,304,194"
"Nov 18, 2022","3,350.00","3,362.75","3,321.00","3,343.45","3,061.19","1,164,540"
"Nov 17, 2022","3,340.00","3,360.00","3,317.75","3,349.00","3,066.27","1,417,986"
"Nov 16, 2022","3,338.90","3,367.90","3,321.45","3,355.35","3,072.08","1,748,235"
"Nov 15, 2022","3,321.00","3,339.95","3,292.00","3,332.60","3,051.25","1,400,708"
"Nov 14, 2022","3,324.00","3,349.00","3,309.00","3,335.50","3,053.91","1,342,074"
"Nov 11, 2022","3,269.60","3,341.60","3,255.05","3,315.95","3,036.01","3,265,394"
"Nov 10, 2022","3,170.00","3,225.00","3,170.00","3,205.65","2,935.02","1,573,092"
"Nov 9, 2022","3,249.80","3,249.80","3,201.65","3,216.05","2,944.54","1,162,267"
"Nov 7, 2022","3,229.00","3,242.80","3,195.10","3,233.70","2,960.70","1,474,498"
"Nov 4, 2022","3,217.00","3,220.05","3,166.15","3,217.40","2,945.78","1,464,013"
"Nov 3, 2022","3,228.05","3,228.05","3,195.00","3,206.75","2,936.03","1,422,652"
"Nov 2, 2022","3,270.00","3,270.00","3,222.05","3,241.70","2,968.03","1,405,955"
"Nov 1, 2022","3,214.50","3,262.60","3,203.45","3,259.70","2,984.51","2,991,060"
"Oct 31, 2022","3,199.00","3,199.00","3,177.80","3,193.15","2,923.58","1,919,414"
"Oct 28, 2022","3,150.00","3,178.50","3,145.00","3,163.25","2,896.20","1,355,739"
"Oct 27, 2022","3,160.70","3,174.00","3,134.35","3,157.40","2,890.84","2,438,421"
"Oct 25, 2022","3,180.50","3,184.25","3,151.15","3,162.10","2,895.15","2,069,643"
"Oct 24, 2022","3,170.10","3,178.00","3,155.00","3,161.70","2,894.78","260,949"
"Oct 21, 2022","3,157.80","3,160.40","3,127.00","3,137.40","2,872.53","1,021,913"
"Oct 20, 2022","3,105.00","3,160.00","3,105.00","3,157.30","2,890.75","1,587,601"
"Oct 19, 2022","3,159.00","3,159.00","3,112.00","3,121.85","2,858.29","1,194,289"
"Oct 18, 2022","3,150.00","3,155.35","3,128.55","3,144.70","2,879.22","1,793,722"
"Oct 17, 2022","3,072.65","3,128.40","3,071.45","3,111.75","2,849.05","1,517,005"
"Oct 14, 2022","3,145.00","3,150.00","3,071.00","3,099.15","2,830.19","2,245,977"
"Oct 13, 2022","3,100.75","3,110.00","3,052.35","3,103.30","2,833.98","2,054,781"
"Oct 12, 2022","3,084.90","3,109.90","3,062.05","3,100.75","2,831.65","1,665,247"
"Oct 11, 2022","3,100.00","3,145.00","3,053.35","3,069.55","2,803.16","4,730,645"
"Oct 10, 2022","3,010.00","3,127.00","3,005.00","3,118.55","2,847.90","3,064,063"
"Oct 7, 2022","3,097.40","3,105.00","3,058.10","3,064.90","2,798.91","1,939,879"
"Oct 6, 2022","3,111.00","3,124.00","3,092.45","3,101.95","2,832.74","1,790,816"
"Oct 4, 2022","3,029.95","3,098.00","3,023.00","3,091.15","2,822.88","2,145,875"
"Oct 3, 2022","2,995.00","3,020.70","2,974.00","2,984.95","2,725.90","1,763,331"
"Sep 30, 2022","2,990.85","3,019.70","2,950.10","3,004.55","2,743.80","2,817,353"
"Sep 29, 2022","3,054.00","3,055.85","2,990.00","2,997.30","2,737.18","2,493,902"
"Sep 28, 2022","2,980.00","3,049.95","2,980.00","3,035.65","2,772.20","2,739,767"
"Sep 27, 2022","3,009.40","3,025.00","2,976.00","3,017.45","2,755.58","2,227,447"
"Sep 26, 2022","2,959.85","3,025.85","2,926.10","2,994.40","2,734.53","2,925,489"
"Sep 23, 2022","3,004.00","3,022.50","2,979.00","2,982.05","2,723.25","2,652,374"
"Sep 22, 2022","2,990.00","3,029.95","2,979.30","3,007.40","2,746.40","2,017,983"
"Sep 21, 2022","3,028.00","3,041.40","2,998.15","3,001.20","2,740.74","2,253,818"
"Sep 20, 2022","3,050.00","3,079.95","3,030.00","3,040.30","2,776.44","1,544,295"
"Sep 19, 2022","3,036.00","3,042.00","2,987.80","3,028.80","2,765.94","2,072,220"
"Sep 16, 2022","3,076.00","3,094.35","3,000.00","3,008.70","2,747.59","5,322,221"
"Sep 15, 2022","3,130.00","3,137.75","3,100.00","3,104.35","2,834.93","2,138,023"
"Sep 14, 2022","3,135.00","3,141.40","3,113.80","3,120.40","2,849.59","5,090,269"
"Sep 13, 2022","3,263.45","3,263.45","3,225.00","3,229.35","2,949.09","1,972,678"
"Sep 12, 2022","3,239.90","3,269.80","3,225.00","3,242.95","2,961.51","1,785,928"
"Sep 9, 2022","3,195.00","3,233.50","3,168.50","3,217.65","2,938.40","1,561,185"
"Sep 8, 2022","3,170.00","3,183.50","3,160.10","3,169.65","2,894.57","1,346,113"
"Sep 7, 2022","3,102.00","3,161.90","3,102.00","3,149.60","2,876.26","1,291,534"
"Sep 6, 2022","3,135.50","3,140.85","3,106.35","3,127.05","2,855.66","1,936,453"
"Sep 5, 2022","3,123.65","3,147.95","3,112.25","3,133.40","2,861.46","2,147,912"
"Sep 2, 2022","3,163.00","3,163.00","3,120.30","3,130.40","2,858.72","2,052,900"
"Sep 1, 2022","3,190.00","3,190.00","3,121.00","3,131.70","2,859.91","3,546,935"
"Aug 30, 2022","3,155.00","3,226.50","3,142.10","3,211.15","2,932.47","3,431,525"
"Aug 29, 2022","3,125.00","3,142.70","3,081.00","3,132.55","2,860.69","2,539,173"
"Aug 26, 2022","3,234.30","3,257.00","3,216.80","3,222.20","2,942.56","1,457,962"
"Aug 25, 2022","3,276.00","3,278.15","3,214.75","3,218.20","2,938.90","1,946,930"
"Aug 24, 2022","3,292.00","3,308.00","3,250.20","3,255.35","2,972.83","1,691,923"
"Aug 23, 2022","3,319.95","3,341.90","3,270.00","3,284.60","2,999.54","1,849,256"
"Aug 22, 2022","3,365.00","3,384.10","3,347.40","3,354.55","3,063.42","1,536,532"
"Aug 19, 2022","3,387.00","3,421.50","3,371.25","3,385.75","3,091.91","1,398,410"
"Aug 18, 2022","3,390.00","3,392.00","3,362.00","3,381.25","3,087.80","1,430,659"
"Aug 17, 2022","3,385.10","3,417.95","3,371.10","3,401.10","3,105.93","1,622,326"
"Aug 16, 2022","3,411.00","3,414.85","3,387.50","3,392.70","3,098.26","839,942"
"Aug 12, 2022","3,419.00","3,419.00","3,381.25","3,401.55","3,106.34","1,472,354"
"Aug 11, 2022","3,400.00","3,428.70","3,375.05","3,422.50","3,125.47","1,449,248"
"Aug 10, 2022","3,385.00","3,385.00","3,335.00","3,354.25","3,063.15","1,878,359"
"Aug 8, 2022","3,365.00","3,378.90","3,336.00","3,374.45","3,081.59","1,068,836"
"Aug 5, 2022","3,361.20","3,377.00","3,355.00","3,365.05","3,073.01","1,106,933"
"Aug 4, 2022","3,350.00","3,387.90","3,307.35","3,354.95","3,063.79","2,150,567"
"Aug 3, 2022","3,280.00","3,349.00","3,277.05","3,339.50","3,049.68","2,895,824"
"Aug 2, 2022","3,290.00","3,312.90","3,271.65","3,291.80","3,006.12","1,269,114"
"Aug 1, 2022","3,327.00","3,327.00","3,271.00","3,298.80","3,012.51","1,306,913"
"Jul 29, 2022","3,290.00","3,317.30","3,275.00","3,301.90","3,015.34","2,430,257"
"Jul 28, 2022","3,216.00","3,264.00","3,201.65","3,260.50","2,977.53","2,106,333"
"Jul 27, 2022","3,115.00","3,194.10","3,110.00","3,188.85","2,912.10","1,389,808"
"Jul 26, 2022","3,164.70","3,168.90","3,096.50","3,115.90","2,845.48","2,639,367"
"Jul 25, 2022","3,165.00","3,186.45","3,149.10","3,166.75","2,891.92","1,797,504"
"Jul 22, 2022","3,185.00","3,197.00","3,143.50","3,171.00","2,895.80","2,075,886"
"Jul 21, 2022","3,167.00","3,184.00","3,144.05","3,177.30","2,901.55","2,420,640"
"Jul 20, 2022","3,107.80","3,171.95","3,098.05","3,164.80","2,890.14","3,402,251"
"Jul 19, 2022","3,030.05","3,078.95","3,030.05","3,074.25","2,807.45","1,865,074"
"Jul 18, 2022","3,023.00","3,076.95","3,014.30","3,063.50","2,797.63","3,202,795"
"Jul 15, 2022","3,018.55","3,028.90","2,953.00","2,994.60","2,734.71","4,574,806"
"Jul 14, 2022","3,056.00","3,057.00","2,967.00","2,998.75","2,738.50","4,764,908"
"Jul 13, 2022","3,104.00","3,110.00","3,035.00","3,038.75","2,767.72","3,863,530"
"Jul 12, 2022","3,114.90","3,136.20","3,080.25","3,084.70","2,809.57","3,734,815"
"Jul 11, 2022","3,206.15","3,225.00","3,106.00","3,113.80","2,836.08","6,974,600"
"Jul 8, 2022","3,300.00","3,305.00","3,250.00","3,265.45","2,974.20","2,136,916"
"Jul 7, 2022","3,271.00","3,319.40","3,265.05","3,287.85","2,994.60","1,989,921"
"Jul 6, 2022","3,218.50","3,268.50","3,202.25","3,260.75","2,969.92","2,182,144"
"Jul 5, 2022","3,255.00","3,272.00","3,206.95","3,216.30","2,929.44","2,170,627"
"Jul 4, 2022","3,312.00","3,317.95","3,225.05","3,235.05","2,946.51","2,622,535"
"Jul 1, 2022","3,260.00","3,333.00","3,252.05","3,315.10","3,019.42","1,502,879"
"Jun 30, 2022","3,272.00","3,310.90","3,255.00","3,267.10","2,975.71","2,719,603"
"Jun 29, 2022","3,271.00","3,333.00","3,271.00","3,290.50","2,997.02","2,133,994"
"Jun 28, 2022","3,307.00","3,330.00","3,272.60","3,318.15","3,022.20","1,400,046"
"Jun 27, 2022","3,350.00","3,362.90","3,306.50","3,314.70","3,019.06","2,037,686"
"Jun 24, 2022","3,339.00","3,345.00","3,277.50","3,293.10","2,999.39","2,132,118"
"Jun 23, 2022","3,222.95","3,318.00","3,222.95","3,308.80","3,013.69","3,692,578"
"Jun 22, 2022","3,199.90","3,250.55","3,183.00","3,222.95","2,935.49","3,336,315"
"Jun 21, 2022","3,130.00","3,237.75","3,125.40","3,211.95","2,925.47","2,964,461"
"Jun 20, 2022","3,094.00","3,138.75","3,069.00","3,112.40","2,834.80","1,502,769"
"Jun 17, 2022","3,092.00","3,118.75","3,023.85","3,088.90","2,813.40","5,240,434"
"Jun 16, 2022","3,240.00","3,244.85","3,133.05","3,142.00","2,861.76","2,032,028"
"Jun 15, 2022","3,218.50","3,234.00","3,201.00","3,206.30","2,920.33","1,404,536"
"Jun 14, 2022","3,190.00","3,238.90","3,174.70","3,210.55","2,924.20","2,611,493"
"Jun 13, 2022","3,290.00","3,293.00","3,192.45","3,219.60","2,932.44","3,030,921"
"Jun 10, 2022","3,382.00","3,393.00","3,352.00","3,359.90","3,060.23","1,527,582"
"Jun 9, 2022","3,385.00","3,437.00","3,353.10","3,427.10","3,121.44","1,279,197"
"Jun 8, 2022","3,380.15","3,413.95","3,346.50","3,404.15","3,100.53","2,185,707"
"Jun 7, 2022","3,401.05","3,418.85","3,356.00","3,362.70","3,062.78","2,308,256"
"Jun 6, 2022","3,418.00","3,453.00","3,377.15","3,430.95","3,124.94","1,084,210"
"Jun 3, 2022","3,459.40","3,477.30","3,431.20","3,440.15","3,133.32","1,913,622"
"Jun 2, 2022","3,355.00","3,432.00","3,346.30","3,423.00","3,117.70","2,657,939"
"Jun 1, 2022","3,388.00","3,388.00","3,340.05","3,355.20","3,055.95","1,493,835"
"May 31, 2022","3,354.15","3,383.40","3,325.00","3,364.35","3,064.28","4,840,965"
"May 30, 2022","3,297.00","3,386.60","3,286.35","3,375.25","3,074.21","2,094,624"
"May 27, 2022","3,253.20","3,278.90","3,229.20","3,261.30","2,970.42","3,103,153"
"May 26, 2022","3,191.00","3,241.50","3,180.55","3,226.95","2,939.14","2,813,186"
"May 25, 2022","3,292.85","3,292.85","3,154.05","3,167.65","2,885.13","3,548,046"
"May 24, 2022","3,315.15","3,324.85","3,275.60","3,288.00","2,974.70","1,711,510"
"May 23, 2022","3,304.80","3,338.90","3,267.00","3,321.75","3,005.24","2,293,690"
"May 20, 2022","3,310.00","3,313.90","3,270.05","3,293.00","2,979.23","3,065,125"
"May 19, 2022","3,397.00","3,405.00","3,230.00","3,261.95","2,951.14","4,642,963"
"May 18, 2022","3,465.00","3,495.00","3,443.05","3,448.80","3,120.18","1,866,781"
"May 17, 2022","3,370.00","3,467.00","3,350.40","3,451.60","3,122.72","1,754,076"
"May 16, 2022","3,415.00","3,430.00","3,366.60","3,376.80","3,055.04","1,195,813"
"May 13, 2022","3,435.00","3,439.90","3,382.15","3,414.90","3,089.51","2,187,823"
"May 12, 2022","3,378.00","3,449.70","3,350.10","3,408.65","3,083.86","2,807,195"
"May 11, 2022","3,435.00","3,448.45","3,382.15","3,412.00","3,086.89","1,841,769"
"May 10, 2022","3,434.00","3,464.80","3,422.00","3,438.75","3,111.09","1,622,685"
"May 9, 2022","3,398.00","3,456.00","3,346.85","3,445.10","3,116.83","2,481,830"
"May 6, 2022","3,459.00","3,474.50","3,424.50","3,432.60","3,105.53","2,010,812"
"May 5, 2022","3,512.10","3,533.00","3,485.35","3,513.40","3,178.63","1,612,262"
"May 4, 2022","3,538.50","3,545.45","3,465.30","3,479.75","3,148.18","2,305,825"
"May 2, 2022","3,519.90","3,547.95","3,492.75","3,542.40","3,204.86","1,324,161"
"Apr 29, 2022","3,597.00","3,623.25","3,536.85","3,546.70","3,208.75","2,051,115"
"Apr 28, 2022","3,588.00","3,604.40","3,538.05","3,584.30","3,242.77","1,703,660"
"Apr 27, 2022","3,546.00","3,568.45","3,506.30","3,561.20","3,221.87","1,727,648"
"Apr 26, 2022","3,575.15","3,587.90","3,518.15","3,546.30","3,208.39","1,943,469"
"Apr 25, 2022","3,558.00","3,584.00","3,533.10","3,548.20","3,210.11","1,960,694"
"Apr 22, 2022","3,581.10","3,617.00","3,571.50","3,612.55","3,268.33","1,581,465"
"Apr 21, 2022","3,580.00","3,644.00","3,567.40","3,628.65","3,282.90","2,280,996"
"Apr 20, 2022","3,500.00","3,569.15","3,480.00","3,556.80","3,217.89","2,640,370"
"Apr 19, 2022","3,550.00","3,563.55","3,439.15","3,471.90","3,141.08","3,170,014"
"Apr 18, 2022","3,610.00","3,610.00","3,522.50","3,528.05","3,191.88","3,820,792"
"Apr 13, 2022","3,707.00","3,709.85","3,655.55","3,661.95","3,313.02","1,621,672"
"Apr 12, 2022","3,683.00","3,739.00","3,648.35","3,691.10","3,339.39","4,483,476"
"Apr 11, 2022","3,690.00","3,712.35","3,656.10","3,696.40","3,344.19","2,291,660"
"Apr 8, 2022","3,690.00","3,705.00","3,642.50","3,685.65","3,334.46","2,296,773"
"Apr 7, 2022","3,745.50","3,745.50","3,679.00","3,684.15","3,333.11","2,494,829"
"Apr 6, 2022","3,809.30","3,809.30","3,731.15","3,755.35","3,397.52","2,051,729"
"Apr 5, 2022","3,772.00","3,835.60","3,772.00","3,814.80","3,451.31","2,314,947"
"Apr 4, 2022","3,762.00","3,780.00","3,737.10","3,770.35","3,411.09","1,472,994"
"Apr 1, 2022","3,748.00","3,763.00","3,728.05","3,758.75","3,400.60","1,387,014"
"Mar 31, 2022","3,740.00","3,754.65","3,720.20","3,739.95","3,383.59","2,168,110"
"Mar 30, 2022","3,738.00","3,738.00","3,706.20","3,731.55","3,375.99","1,583,455"
"Mar 29, 2022","3,694.75","3,722.00","3,691.00","3,705.35","3,352.29","2,689,063"
"Mar 28, 2022","3,695.00","3,713.00","3,661.20","3,707.70","3,354.41","1,760,990"
"Mar 25, 2022","3,759.90","3,779.50","3,672.00","3,707.45","3,354.19","1,690,133"
"Mar 24, 2022","3,700.00","3,758.20","3,695.00","3,749.85","3,392.55","1,879,046"
"Mar 23, 2022","3,708.00","3,729.80","3,690.00","3,712.40","3,358.66","1,596,195"
"Mar 22, 2022","3,640.00","3,711.00","3,625.00","3,700.95","3,348.31","2,907,611"
"Mar 21, 2022","3,696.00","3,713.95","3,615.00","3,626.70","3,281.13","2,413,831"
"Mar 17, 2022","3,696.60","3,710.00","3,660.30","3,672.75","3,322.79","3,600,452"
"Mar 16, 2022","3,640.50","3,668.00","3,616.25","3,655.90","3,307.55","3,090,475"
"Mar 15, 2022","3,659.00","3,659.00","3,585.40","3,593.90","3,251.46","3,651,133"
"Mar 14, 2022","3,580.00","3,648.35","3,580.00","3,643.00","3,295.88","1,765,688"
"Mar 11, 2022","3,603.25","3,639.85","3,592.85","3,599.15","3,256.21","1,623,423"
"Mar 10, 2022","3,684.00","3,684.00","3,615.00","3,620.95","3,275.93","2,005,441"
"Mar 9, 2022","3,605.00","3,654.00","3,597.05","3,632.60","3,286.47","2,719,654"
"Mar 8, 2022","3,460.00","3,609.00","3,460.00","3,599.95","3,256.93","3,300,992"
"Mar 7, 2022","3,450.00","3,548.00","3,431.55","3,484.90","3,152.84","3,054,130"
"Mar 4, 2022","3,501.50","3,561.20","3,487.05","3,524.35","3,188.53","2,370,257"
"Mar 3, 2022","3,562.85","3,578.60","3,530.10","3,544.40","3,206.67","1,928,039"
"Mar 2, 2022","3,552.50","3,571.95","3,506.00","3,546.15","3,208.26","2,761,341"
"Feb 28, 2022","3,490.00","3,563.75","3,455.90","3,554.20","3,215.54","3,288,942"
"Feb 25, 2022","3,468.00","3,530.00","3,462.00","3,520.75","3,185.28","2,549,723"
"Feb 24, 2022","3,474.00","3,483.85","3,391.10","3,401.65","3,077.52","5,039,136"
"Feb 23, 2022","3,611.00","3,622.90","3,555.65","3,563.80","3,224.22","2,426,203"
"Feb 22, 2022","3,650.00","3,667.90","3,570.00","3,586.40","3,244.67","5,408,531"
"Feb 21, 2022","3,810.00","3,827.80","3,705.55","3,719.40","3,365.00","7,465,922"
"Feb 18, 2022","3,769.00","3,815.95","3,757.60","3,793.90","3,432.40","3,688,883"
"Feb 17, 2022","3,825.00","3,835.00","3,779.00","3,784.20","3,423.62","3,134,372"
"Feb 16, 2022","3,844.00","3,854.10","3,806.00","3,813.10","3,449.77","3,256,906"
"Feb 15, 2022","3,786.00","3,835.00","3,748.00","3,817.80","3,454.02","3,931,683"
"Feb 14, 2022","3,724.00","3,793.25","3,710.00","3,733.75","3,377.98","5,951,745"
"Feb 11, 2022","3,752.50","3,752.50","3,690.00","3,694.95","3,342.88","3,851,488"
"Feb 10, 2022","3,789.80","3,789.80","3,758.00","3,770.35","3,411.09","2,112,459"
"Feb 9, 2022","3,750.00","3,777.95","3,746.10","3,760.55","3,402.23","1,638,721"
"Feb 8, 2022","3,791.55","3,799.70","3,721.00","3,743.45","3,386.76","2,946,443"
"Feb 7, 2022","3,791.00","3,831.80","3,756.15","3,779.00","3,418.92","1,919,149"
"Feb 4, 2022","3,815.30","3,824.70","3,769.00","3,814.90","3,451.40","2,307,366"
"Feb 3, 2022","3,851.00","3,882.50","3,816.05","3,824.60","3,460.17","1,960,538"
"Feb 2, 2022","3,827.90","3,864.00","3,800.65","3,856.20","3,488.76","1,984,212"
"Feb 1, 2022","3,770.00","3,808.00","3,736.40","3,800.65","3,438.51","2,105,169"
"Jan 31, 2022","3,749.00","3,758.00","3,721.40","3,736.25","3,380.24","2,739,393"
"Jan 28, 2022","3,646.00","3,729.80","3,646.00","3,690.05","3,338.44","3,143,862"
"Jan 27, 2022","3,731.00","3,733.40","3,625.10","3,649.25","3,301.53","5,718,297"
"Jan 25, 2022","3,769.50","3,809.40","3,722.20","3,769.90","3,410.69","3,330,501"
"Jan 24, 2022","3,840.00","3,849.65","3,740.10","3,771.35","3,412.00","3,258,414"
"Jan 21, 2022","3,807.00","3,851.55","3,771.10","3,833.50","3,468.23","3,112,358"
"Jan 20, 2022","3,910.00","3,920.00","3,811.00","3,826.55","3,461.94","6,176,776"
"Jan 19, 2022","4,012.00","4,012.00","3,910.50","3,914.65","3,541.64","3,102,539"
"Jan 18, 2022","4,033.95","4,041.70","3,980.00","3,990.60","3,604.02","2,389,041"
"Jan 17, 2022","3,992.70","4,043.00","3,962.30","4,019.15","3,629.81","3,442,604"
"Jan 14, 2022","3,877.85","3,977.00","3,860.05","3,968.15","3,583.75","3,348,123"
"Jan 13, 2022","3,918.00","3,923.00","3,857.00","3,897.90","3,520.30","6,684,507"
"Jan 12, 2022","3,925.00","3,929.00","3,836.55","3,859.90","3,485.98","3,203,744"
"Jan 11, 2022","3,856.00","3,925.00","3,856.00","3,915.90","3,536.56","1,906,106"
"Jan 10, 2022","3,978.00","3,978.00","3,861.00","3,879.85","3,504.00","3,937,092"
"Jan 7, 2022","3,820.00","3,864.90","3,796.40","3,853.50","3,480.21","2,460,591"
"Jan 6, 2022","3,812.00","3,835.00","3,772.00","3,807.45","3,438.62","1,810,293"
"Jan 5, 2022","3,865.00","3,870.00","3,812.40","3,860.95","3,486.93","1,733,031"
"Jan 4, 2022","3,831.10","3,889.15","3,811.70","3,884.75","3,508.43","2,488,606"
"Jan 3, 2022","3,750.00","3,830.00","3,745.00","3,817.75","3,447.92","2,346,158"
"Dec 31, 2021","3,742.80","3,760.00","3,731.30","3,738.35","3,376.21","1,207,141"
"Dec 30, 2021","3,681.35","3,740.00","3,680.00","3,733.75","3,372.05","1,966,475"
"Dec 29, 2021","3,692.25","3,719.95","3,685.00","3,694.70","3,336.79","1,456,923"
"Dec 28, 2021","3,710.00","3,725.00","3,693.85","3,706.55","3,347.49","1,456,218"
"Dec 27, 2021","3,671.00","3,700.00","3,653.10","3,696.10","3,338.05","1,534,135"
"Dec 24, 2021","3,685.00","3,705.00","3,644.80","3,670.90","3,315.29","2,209,923"
"Dec 23, 2021","3,648.00","3,670.50","3,630.00","3,662.70","3,307.89","1,792,861"
"Dec 22, 2021","3,624.00","3,636.80","3,606.25","3,630.75","3,279.03","1,224,328"
"Dec 21, 2021","3,582.65","3,641.20","3,566.40","3,608.30","3,258.76","2,340,989"
"Dec 20, 2021","3,589.00","3,606.00","3,510.15","3,556.90","3,212.34","2,312,310"
"Dec 17, 2021","3,602.50","3,651.35","3,573.70","3,584.35","3,237.13","4,333,992"
"Dec 16, 2021","3,582.00","3,608.45","3,570.00","3,581.60","3,234.64","2,072,320"
"Dec 15, 2021","3,620.00","3,623.00","3,558.15","3,570.35","3,224.48","1,603,233"
"Dec 14, 2021","3,605.00","3,635.00","3,576.70","3,623.80","3,272.76","1,747,007"
"Dec 13, 2021","3,650.00","3,662.00","3,601.70","3,609.65","3,259.98","1,883,864"
"Dec 10, 2021","3,585.00","3,642.00","3,575.10","3,636.80","3,284.50","1,510,718"
"Dec 9, 2021","3,610.00","3,634.75","3,566.00","3,601.75","3,252.84","1,567,957"
"Dec 8, 2021","3,601.00","3,646.45","3,601.00","3,626.90","3,275.56","1,428,660"
"Dec 7, 2021","3,562.50","3,598.00","3,524.30","3,584.50","3,237.26","1,484,458"
"Dec 6, 2021","3,640.45","3,658.00","3,522.00","3,536.40","3,193.82","1,849,642"
"Dec 3, 2021","3,646.45","3,665.95","3,630.85","3,640.45","3,287.79","2,486,263"
"Dec 2, 2021","3,589.20","3,648.00","3,574.10","3,642.90","3,290.01","3,152,938"
"Dec 1, 2021","3,535.00","3,590.00","3,535.00","3,577.80","3,231.21","2,102,118"
"Nov 30, 2021","3,491.00","3,563.75","3,491.00","3,529.15","3,187.27","5,588,446"
"Nov 29, 2021","3,447.15","3,529.35","3,406.45","3,502.00","3,162.75","2,981,745"
"Nov 26, 2021","3,425.00","3,490.00","3,411.90","3,446.85","3,112.95","1,941,251"
"Nov 25, 2021","3,443.90","3,463.00","3,434.05","3,445.90","3,112.09","1,849,619"
"Nov 24, 2021","3,472.20","3,493.05","3,424.00","3,443.30","3,109.74","2,161,746"
"Nov 23, 2021","3,445.00","3,480.95","3,407.80","3,464.25","3,128.66","2,153,461"
"Nov 22, 2021","3,478.40","3,515.95","3,440.30","3,458.40","3,123.38","3,167,936"
"Nov 18, 2021","3,515.15","3,520.85","3,451.60","3,475.70","3,139.00","2,136,598"
"Nov 17, 2021","3,550.60","3,562.85","3,506.40","3,521.90","3,180.73","1,632,914"
"Nov 16, 2021","3,569.00","3,575.55","3,542.00","3,556.40","3,211.89","2,013,204"
"Nov 15, 2021","3,528.00","3,569.60","3,528.00","3,553.30","3,209.09","1,809,157"
"Nov 12, 2021","3,506.00","3,534.15","3,485.70","3,526.05","3,184.48","1,747,259"
"Nov 11, 2021","3,480.00","3,510.05","3,436.00","3,488.20","3,150.29","1,284,514"
"Nov 10, 2021","3,498.00","3,519.70","3,480.20","3,484.30","3,146.77","1,516,489"
"Nov 9, 2021","3,508.00","3,535.00","3,496.00","3,505.70","3,166.10","1,782,692"
"Nov 8, 2021","3,548.00","3,548.00","3,481.20","3,502.75","3,163.43","2,526,082"
"Nov 4, 2021","3,512.95","3,513.25","3,505.00","3,508.65","3,168.76","328,991"
"Nov 3, 2021","3,504.20","3,519.90","3,466.05","3,492.25","3,153.95","1,537,639"
"Nov 2, 2021","3,494.00","3,513.60","3,469.75","3,484.20","3,146.68","3,087,414"
"Nov 1, 2021","3,437.95","3,487.00","3,412.95","3,476.40","3,139.63","2,020,718"
"Oct 29, 2021","3,400.05","3,461.00","3,385.95","3,397.75","3,068.60","3,960,501"
"Oct 28, 2021","3,518.00","3,518.00","3,415.00","3,421.65","3,090.19","2,424,942"
"Oct 27, 2021","3,483.00","3,511.25","3,483.00","3,489.75","3,151.69","2,510,813"
"Oct 26, 2021","3,494.50","3,529.00","3,475.00","3,482.60","3,145.23","3,878,763"
"Oct 25, 2021","3,503.00","3,514.55","3,450.00","3,492.95","3,154.58","2,595,594"
"Oct 22, 2021","3,560.00","3,561.60","3,485.00","3,498.85","3,159.91","2,691,670"
"Oct 21, 2021","3,604.10","3,607.45","3,511.25","3,532.50","3,190.30","4,871,211"
"Oct 20, 2021","3,612.00","3,630.00","3,578.30","3,608.85","3,259.26","2,933,693"
"Oct 19, 2021","3,669.00","3,690.10","3,625.20","3,634.15","3,282.10","3,135,441"
"Oct 18, 2021","3,603.45","3,652.70","3,601.45","3,647.15","3,293.84","3,590,107"
"Oct 14, 2021","3,625.00","3,670.00","3,608.20","3,611.45","3,261.60","6,442,299"
"Oct 13, 2021","3,650.00","3,675.45","3,645.00","3,655.20","3,294.79","3,545,655"
"Oct 12, 2021","3,706.00","3,707.00","3,630.60","3,652.85","3,292.67","5,752,877"
"Oct 11, 2021","3,755.00","3,757.50","3,660.00","3,685.60","3,322.20","11,845,402"
"Oct 8, 2021","3,925.00","3,989.90","3,900.00","3,935.65","3,547.59","2,934,339"
"Oct 7, 2021","3,830.00","3,899.00","3,820.05","3,892.90","3,509.05","1,647,233"
"Oct 6, 2021","3,836.00","3,857.45","3,795.00","3,810.90","3,435.14","1,678,154"
"Oct 5, 2021","3,754.00","3,840.00","3,741.60","3,833.30","3,455.33","1,877,966"
"Oct 4, 2021","3,724.80","3,783.65","3,707.45","3,773.30","3,401.25","1,356,860"
"Oct 1, 2021","3,781.75","3,810.00","3,725.00","3,730.20","3,362.40","1,578,374"
"Sep 30, 2021","3,805.00","3,805.00","3,750.10","3,775.55","3,403.28","2,252,412"
"Sep 29, 2021","3,759.80","3,806.00","3,722.15","3,791.90","3,418.01","2,489,161"
"Sep 28, 2021","3,850.00","3,850.00","3,751.25","3,779.15","3,406.52","2,253,075"
"Sep 27, 2021","3,900.00","3,904.00","3,802.90","3,836.95","3,458.62","1,673,362"
"Sep 24, 2021","3,890.00","3,944.40","3,855.00","3,871.30","3,489.58","2,320,754"
"Sep 23, 2021","3,870.00","3,879.00","3,835.00","3,869.25","3,487.74","2,003,869"
"Sep 22, 2021","3,862.50","3,896.85","3,852.45","3,862.15","3,481.34","1,744,067"
"Sep 21, 2021","3,858.00","3,871.55","3,821.65","3,862.95","3,482.06","1,568,129"
"Sep 20, 2021","3,809.00","3,871.00","3,807.85","3,823.50","3,446.50","2,002,008"
"Sep 17, 2021","3,920.00","3,945.00","3,805.00","3,827.85","3,450.42","6,477,148"
"Sep 16, 2021","3,930.00","3,981.75","3,892.10","3,903.30","3,518.43","2,946,666"
"Sep 15, 2021","3,882.10","3,980.00","3,866.00","3,954.55","3,564.63","2,461,369"
"Sep 14, 2021","3,849.95","3,896.50","3,825.00","3,885.90","3,502.74","1,991,188"
"Sep 13, 2021","3,767.00","3,852.40","3,767.00","3,845.35","3,466.19","1,691,473"
"Sep 9, 2021","3,789.70","3,808.70","3,765.00","3,791.40","3,417.56","1,441,148"
"Sep 8, 2021","3,810.00","3,815.00","3,756.00","3,774.15","3,402.01","4,147,175"
"Sep 7, 2021","3,864.00","3,869.95","3,808.25","3,815.90","3,439.65","1,585,039"
"Sep 6, 2021","3,849.70","3,877.60","3,814.00","3,852.00","3,472.19","1,723,693"
"Sep 3, 2021","3,825.00","3,856.90","3,804.55","3,842.05","3,463.22","1,746,812"
"Sep 2, 2021","3,734.00","3,859.15","3,722.00","3,836.75","3,458.44","3,403,717"
"Sep 1, 2021","3,796.00","3,816.70","3,707.00","3,714.95","3,348.65","2,643,336"
"Aug 31, 2021","3,709.40","3,804.10","3,703.45","3,786.45","3,413.10","3,207,480"
"Aug 30, 2021","3,715.00","3,740.35","3,687.60","3,701.30","3,336.35","2,033,114"
"Aug 27, 2021","3,666.00","3,729.50","3,651.10","3,720.15","3,353.34","3,944,728"
"Aug 26, 2021","3,660.00","3,687.60","3,647.90","3,671.85","3,309.80","1,902,533"
"Aug 25, 2021","3,610.00","3,697.75","3,607.05","3,659.00","3,298.22","2,123,263"
"Aug 24, 2021","3,657.00","3,667.35","3,594.40","3,613.20","3,256.93","2,511,141"
"Aug 23, 2021","3,580.00","3,673.00","3,561.90","3,637.40","3,278.75","3,744,176"
"Aug 20, 2021","3,506.00","3,575.00","3,500.00","3,559.50","3,208.53","2,836,148"
"Aug 18, 2021","3,573.85","3,595.00","3,536.60","3,560.55","3,209.48","2,631,309"
"Aug 17, 2021","3,482.10","3,560.80","3,463.00","3,553.05","3,202.71","4,336,019"
"Aug 16, 2021","3,460.00","3,494.35","3,436.50","3,472.95","3,130.51","2,083,489"
"Aug 13, 2021","3,360.75","3,480.00","3,357.50","3,463.40","3,121.90","4,363,584"
"Aug 12, 2021","3,326.00","3,368.00","3,326.00","3,351.75","3,021.26","1,310,205"
"Aug 11, 2021","3,350.00","3,360.00","3,327.10","3,344.20","3,014.46","1,929,707"
"Aug 10, 2021","3,315.60","3,349.90","3,315.60","3,333.90","3,005.17","2,040,777"
"Aug 9, 2021","3,323.90","3,337.00","3,310.00","3,322.70","2,995.08","1,510,489"
"Aug 6, 2021","3,272.55","3,324.00","3,265.00","3,309.80","2,983.45","2,292,362"
"Aug 5, 2021","3,275.00","3,315.00","3,262.50","3,283.95","2,960.15","2,534,521"
"Aug 4, 2021","3,300.00","3,305.20","3,261.20","3,273.95","2,951.13","2,929,598"
"Aug 3, 2021","3,229.00","3,290.00","3,218.95","3,284.90","2,961.00","3,804,735"
"Aug 2, 2021","3,180.00","3,224.90","3,167.00","3,219.40","2,901.96","2,608,669"
"Jul 30, 2021","3,219.00","3,223.50","3,162.35","3,167.45","2,855.14","2,999,943"
"Jul 29, 2021","3,200.25","3,225.45","3,190.30","3,195.80","2,880.69","1,731,997"
"Jul 28, 2021","3,188.00","3,204.45","3,132.40","3,197.80","2,882.49","1,660,654"
"Jul 27, 2021","3,200.00","3,210.00","3,161.15","3,182.95","2,869.11","1,121,367"
"Jul 26, 2021","3,200.00","3,224.25","3,190.85","3,197.55","2,882.27","1,259,611"
"Jul 23, 2021","3,230.00","3,241.55","3,206.65","3,212.85","2,896.06","1,776,193"
"Jul 22, 2021","3,190.00","3,224.95","3,190.00","3,216.35","2,899.21","2,859,334"
"Jul 20, 2021","3,184.60","3,215.00","3,156.15","3,205.80","2,889.70","1,811,945"
"Jul 19, 2021","3,180.00","3,199.80","3,176.00","3,184.60","2,870.59","1,597,058"
"Jul 16, 2021","3,213.00","3,219.85","3,192.00","3,194.80","2,879.79","1,256,526"
"Jul 15, 2021","3,227.60","3,231.85","3,194.00","3,202.95","2,887.14","2,232,968"
"Jul 14, 2021","3,187.00","3,222.00","3,185.00","3,214.55","2,891.28","2,044,279"
"Jul 13, 2021","3,214.00","3,214.00","3,175.00","3,187.55","2,867.00","1,809,339"
"Jul 12, 2021","3,235.00","3,236.00","3,188.35","3,193.10","2,871.99","1,892,226"
"Jul 9, 2021","3,250.00","3,282.00","3,201.00","3,208.15","2,885.53","6,365,067"
"Jul 8, 2021","3,298.00","3,298.00","3,231.90","3,258.50","2,930.81","2,485,811"
"Jul 7, 2021","3,275.00","3,282.70","3,241.60","3,274.95","2,945.61","2,640,710"
"Jul 6, 2021","3,313.00","3,328.00","3,256.10","3,262.30","2,934.23","2,159,420"
"Jul 5, 2021","3,342.00","3,374.00","3,302.00","3,321.00","2,987.03","1,972,858"
"Jul 2, 2021","3,331.00","3,339.70","3,295.20","3,325.45","2,991.03","1,682,274"
"Jul 1, 2021","3,358.00","3,362.00","3,332.35","3,341.50","3,005.46","990,310"
"Jun 30, 2021","3,346.00","3,382.00","3,338.50","3,345.75","3,009.29","1,693,146"
"Jun 29, 2021","3,342.00","3,366.30","3,326.50","3,340.85","3,004.88","1,497,322"
"Jun 28, 2021","3,391.50","3,391.50","3,333.00","3,336.75","3,001.19","1,355,238"
"Jun 25, 2021","3,375.25","3,399.65","3,350.00","3,380.80","3,040.81","2,722,861"
"Jun 24, 2021","3,284.00","3,383.00","3,278.50","3,373.60","3,034.34","4,155,204"
"Jun 23, 2021","3,329.00","3,329.00","3,256.40","3,261.40","2,933.42","1,467,104"
"Jun 22, 2021","3,304.00","3,327.05","3,285.00","3,301.20","2,969.22","1,708,688"
"Jun 21, 2021","3,265.00","3,286.00","3,251.70","3,273.10","2,943.94","1,130,569"
"Jun 18, 2021","3,350.90","3,358.00","3,275.00","3,297.30","2,965.71","3,380,431"
"Jun 17, 2021","3,265.50","3,336.05","3,260.00","3,317.75","2,984.10","2,273,413"
"Jun 16, 2021","3,262.10","3,294.70","3,253.00","3,274.35","2,945.07","1,635,552"
"Jun 15, 2021","3,298.00","3,298.00","3,251.55","3,262.75","2,934.63","1,304,985"
"Jun 14, 2021","3,279.00","3,308.70","3,270.35","3,276.35","2,946.87","1,847,360"
"Jun 11, 2021","3,211.55","3,309.00","3,211.00","3,273.80","2,944.57","3,452,954"
"Jun 10, 2021","3,210.00","3,224.00","3,193.00","3,216.80","2,893.30","1,874,324"
"Jun 9, 2021","3,202.00","3,220.00","3,186.20","3,200.25","2,878.42","1,710,925"
"Jun 8, 2021","3,198.00","3,231.00","3,187.20","3,200.15","2,878.33","2,574,057"
"Jun 7, 2021","3,145.00","3,190.45","3,133.60","3,183.20","2,863.08","2,559,821"
"Jun 4, 2021","3,128.00","3,156.85","3,125.00","3,143.75","2,827.60","1,836,060"
"Jun 3, 2021","3,154.55","3,154.55","3,122.65","3,141.25","2,825.35","1,281,706"
"Jun 2, 2021","3,150.85","3,159.45","3,115.00","3,129.45","2,814.74","2,240,078"
"Jun 1, 2021","3,168.60","3,169.95","3,132.00","3,153.00","2,835.92","1,377,441"
"May 31, 2021","3,150.00","3,170.35","3,128.60","3,159.15","2,841.45","1,652,799"
"May 28, 2021","3,189.50","3,198.00","3,135.65","3,143.60","2,827.47","1,763,701"
"May 27, 2021","3,161.95","3,217.75","3,161.80","3,180.00","2,860.21","5,959,785"
"May 26, 2021","3,120.00","3,165.00","3,103.80","3,158.50","2,840.87","1,923,753"
"May 25, 2021","3,092.00","3,128.25","3,082.10","3,114.00","2,800.84","1,841,613"
"May 24, 2021","3,081.50","3,105.00","3,072.00","3,081.50","2,758.12","1,652,260"
"May 21, 2021","3,061.00","3,088.20","3,055.10","3,080.50","2,757.23","1,685,566"
"May 20, 2021","3,067.10","3,088.80","3,052.10","3,060.00","2,738.88","2,329,027"
"May 19, 2021","3,084.00","3,118.00","3,067.10","3,082.00","2,758.57","1,986,041"
"May 18, 2021","3,100.00","3,124.00","3,078.00","3,088.80","2,764.65","2,098,538"
"May 17, 2021","3,055.00","3,075.20","3,036.00","3,069.75","2,747.60","2,890,462"
"May 14, 2021","3,098.50","3,098.50","3,040.00","3,051.50","2,731.27","2,043,935"
"May 12, 2021","3,120.00","3,120.00","3,070.60","3,087.60","2,763.58","1,978,558"
"May 11, 2021","3,125.00","3,128.10","3,091.15","3,122.60","2,794.91","2,415,625"
"May 10, 2021","3,145.95","3,164.20","3,125.00","3,145.50","2,815.40","2,137,153"
"May 7, 2021","3,133.00","3,159.85","3,111.80","3,132.90","2,804.13","1,912,540"
"May 6, 2021","3,105.50","3,134.00","3,074.00","3,111.45","2,784.93","1,791,671"
"May 5, 2021","3,070.00","3,099.40","3,052.40","3,095.70","2,770.83","1,939,289"
"May 4, 2021","3,062.80","3,090.00","3,035.00","3,049.75","2,729.70","1,990,777"
"May 3, 2021","3,024.90","3,055.00","3,004.00","3,037.00","2,718.29","1,545,831"
"Apr 30, 2021","3,099.00","3,132.05","3,020.00","3,035.65","2,717.08","3,072,305"
"Apr 29, 2021","3,145.60","3,157.35","3,105.50","3,115.25","2,788.33","1,621,395"
"Apr 28, 2021","3,149.95","3,151.00","3,112.00","3,124.10","2,796.25","1,639,037"
"Apr 27, 2021","3,106.00","3,136.10","3,103.00","3,132.00","2,803.32","1,471,417"
"Apr 26, 2021","3,102.05","3,153.00","3,088.05","3,100.80","2,775.39","2,490,260"
"Apr 23, 2021","3,105.00","3,119.00","3,091.05","3,109.50","2,783.18","1,615,309"
"Apr 22, 2021","3,148.00","3,148.00","3,105.25","3,118.80","2,791.51","1,988,980"
"Apr 20, 2021","3,225.00","3,225.35","3,126.35","3,144.55","2,814.55","3,141,893"
"Apr 19, 2021","3,169.00","3,189.00","3,135.10","3,161.80","2,829.99","2,679,106"
"Apr 16, 2021","3,229.00","3,247.00","3,182.60","3,195.15","2,859.84","3,224,657"
"Apr 15, 2021","3,160.30","3,237.25","3,087.45","3,218.95","2,881.15","6,062,760"
"Apr 13, 2021","3,214.00","3,214.00","3,073.05","3,104.05","2,778.30","8,654,596"
"Apr 12, 2021","3,322.25","3,338.10","3,213.20","3,246.55","2,905.85","3,791,828"
"Apr 9, 2021","3,354.00","3,354.35","3,308.00","3,322.25","2,973.60","2,911,129"
"Apr 8, 2021","3,270.00","3,335.00","3,266.05","3,317.35","2,969.22","2,578,118"
"Apr 7, 2021","3,259.00","3,277.55","3,234.80","3,271.40","2,928.09","2,491,268"
"Apr 6, 2021","3,275.00","3,275.00","3,230.00","3,264.70","2,922.09","2,291,562"
"Apr 5, 2021","3,171.00","3,263.00","3,151.00","3,238.90","2,899.00","5,317,862"
"Apr 1, 2021","3,191.10","3,215.00","3,145.00","3,165.00","2,832.86","4,285,076"
"Mar 31, 2021","3,155.00","3,205.00","3,132.00","3,177.85","2,844.36","3,530,069"
"Mar 30, 2021","3,083.00","3,188.45","3,060.90","3,158.55","2,827.08","4,694,008"
"Mar 26, 2021","3,090.65","3,118.00","3,043.05","3,066.80","2,744.96","3,697,370"
"Mar 25, 2021","3,112.20","3,130.85","3,050.00","3,064.85","2,743.22","3,179,786"
"Mar 24, 2021","3,111.20","3,152.30","3,111.15","3,121.10","2,793.56","2,207,104"
"Mar 23, 2021","3,140.00","3,169.00","3,122.85","3,142.60","2,812.81","3,305,973"
"Mar 22, 2021","3,048.70","3,139.45","3,018.65","3,129.65","2,801.22","2,821,646"
"Mar 19, 2021","3,030.00","3,099.00","3,005.00","3,050.20","2,730.10","5,776,626"
"Mar 18, 2021","3,125.95","3,146.45","2,987.05","3,036.50","2,717.84","3,656,306"
"Mar 17, 2021","3,105.00","3,155.00","3,085.30","3,112.95","2,786.27","3,838,390"
"Mar 16, 2021","3,060.00","3,141.00","3,060.00","3,110.05","2,783.67","4,894,756"
"Mar 15, 2021","3,041.00","3,099.00","3,041.00","3,066.15","2,744.38","3,097,083"
"Mar 12, 2021","3,075.00","3,117.00","3,041.35","3,057.95","2,737.04","2,938,317"
"Mar 10, 2021","3,075.00","3,093.20","3,060.00","3,070.95","2,748.68","3,053,778"
"Mar 9, 2021","3,006.95","3,066.90","2,992.10","3,050.95","2,730.78","1,942,397"
"Mar 8, 2021","3,016.00","3,033.00","2,996.00","3,006.95","2,691.39","2,003,125"
"Mar 5, 2021","3,016.10","3,063.20","2,996.60","3,008.05","2,692.38","3,203,686"
"Mar 4, 2021","3,023.00","3,081.45","3,016.05","3,049.70","2,729.66","3,916,760"
"Mar 3, 2021","3,035.00","3,064.00","2,996.90","3,059.10","2,738.07","3,509,857"
"Mar 2, 2021","2,960.00","3,025.00","2,948.00","3,006.35","2,690.86","3,306,469"
"Mar 1, 2021","2,926.00","2,965.00","2,901.80","2,924.20","2,617.33","3,265,871"
"Feb 26, 2021","2,960.00","2,972.35","2,880.00","2,894.30","2,590.57","5,553,153"
"Feb 25, 2021","2,974.00","3,029.90","2,968.45","2,995.30","2,680.97","4,224,073"
"Feb 24, 2021","2,972.00","3,003.35","2,921.15","2,948.10","2,638.72","3,774,549"
"Feb 23, 2021","2,970.00","3,028.00","2,968.00","2,980.20","2,667.45","3,832,829"
"Feb 22, 2021","3,096.00","3,096.00","2,943.15","2,958.45","2,647.98","5,366,696"
"Feb 19, 2021","3,058.00","3,087.15","3,016.15","3,071.85","2,749.48","3,725,028"
"Feb 18, 2021","3,065.00","3,097.90","3,031.00","3,057.35","2,736.50","4,189,909"
"Feb 17, 2021","3,105.10","3,132.85","3,045.55","3,073.10","2,750.60","3,678,426"
"Feb 16, 2021","3,150.00","3,167.65","3,100.00","3,108.80","2,782.56","3,435,770"
"Feb 15, 2021","3,209.00","3,209.00","3,131.55","3,139.85","2,810.35","2,630,853"
"Feb 12, 2021","3,184.20","3,245.50","3,182.00","3,190.80","2,855.95","2,777,404"
"Feb 11, 2021","3,215.00","3,219.30","3,185.05","3,206.00","2,869.55","1,165,882"
"Feb 10, 2021","3,185.00","3,219.40","3,157.30","3,213.30","2,876.09","2,127,983"
"Feb 9, 2021","3,195.00","3,245.80","3,164.00","3,176.90","2,843.51","2,658,751"
"Feb 8, 2021","3,189.50","3,226.00","3,155.15","3,214.10","2,876.81","2,526,592"
"Feb 5, 2021","3,198.95","3,205.85","3,129.00","3,157.95","2,826.55","2,366,135"
"Feb 4, 2021","3,216.05","3,237.85","3,176.00","3,188.45","2,853.85","2,057,261"
"Feb 3, 2021","3,213.00","3,236.00","3,162.65","3,200.05","2,864.23","2,505,866"
"Feb 2, 2021","3,174.00","3,224.00","3,150.00","3,203.45","2,867.27","2,881,837"
"Feb 1, 2021","3,100.00","3,165.00","3,044.10","3,139.35","2,809.90","3,985,846"
"Jan 29, 2021","3,210.05","3,216.85","3,100.00","3,111.35","2,784.84","5,445,659"
"Jan 28, 2021","3,230.00","3,275.00","3,183.80","3,196.55","2,861.10","3,083,938"
"Jan 27, 2021","3,300.00","3,306.45","3,227.00","3,261.05","2,918.83","2,786,662"
"Jan 25, 2021","3,308.95","3,339.80","3,278.65","3,291.30","2,945.90","2,272,887"
